-- MySQL dump 10.13  Distrib 5.5.41, for debian-linux-gnu (x86_64)
--
-- Host: localhost    Database: ssm
-- ------------------------------------------------------
-- Server version	5.5.41-0+wheezy1

/*!40101 SET @OLD_CHARACTER_SET_CLIENT=@@CHARACTER_SET_CLIENT */;
/*!40101 SET @OLD_CHARACTER_SET_RESULTS=@@CHARACTER_SET_RESULTS */;
/*!40101 SET @OLD_COLLATION_CONNECTION=@@COLLATION_CONNECTION */;
/*!40101 SET NAMES utf8 */;
/*!40103 SET @OLD_TIME_ZONE=@@TIME_ZONE */;
/*!40103 SET TIME_ZONE='+00:00' */;
/*!40014 SET @OLD_UNIQUE_CHECKS=@@UNIQUE_CHECKS, UNIQUE_CHECKS=0 */;
/*!40014 SET @OLD_FOREIGN_KEY_CHECKS=@@FOREIGN_KEY_CHECKS, FOREIGN_KEY_CHECKS=0 */;
/*!40101 SET @OLD_SQL_MODE=@@SQL_MODE, SQL_MODE='NO_AUTO_VALUE_ON_ZERO' */;
/*!40111 SET @OLD_SQL_NOTES=@@SQL_NOTES, SQL_NOTES=0 */;

--
-- Table structure for table `chapterInfo`
--

DROP TABLE IF EXISTS `chapterInfo`;
/*!40101 SET @saved_cs_client     = @@character_set_client */;
/*!40101 SET character_set_client = utf8 */;
CREATE TABLE `chapterInfo` (
  `seq` int(11) NOT NULL AUTO_INCREMENT,
  `title` char(50) NOT NULL,
  PRIMARY KEY (`seq`)
) ENGINE=InnoDB AUTO_INCREMENT=4 DEFAULT CHARSET=utf8;
/*!40101 SET character_set_client = @saved_cs_client */;

--
-- Dumping data for table `chapterInfo`
--

LOCK TABLES `chapterInfo` WRITE;
/*!40000 ALTER TABLE `chapterInfo` DISABLE KEYS */;
INSERT INTO `chapterInfo` VALUES (1,'2D'),(2,'3D'),(3,'3D+');
/*!40000 ALTER TABLE `chapterInfo` ENABLE KEYS */;
UNLOCK TABLES;

--
-- Table structure for table `freeBlock`
--

DROP TABLE IF EXISTS `freeBlock`;
/*!40101 SET @saved_cs_client     = @@character_set_client */;
/*!40101 SET character_set_client = utf8 */;
CREATE TABLE `freeBlock` (
  `seq` int(11) NOT NULL AUTO_INCREMENT,
  `memberSeq` int(11) NOT NULL,
  `data` text NOT NULL,
  `regdate` datetime NOT NULL,
  `slotSeq` int(11) NOT NULL,
  PRIMARY KEY (`seq`),
  UNIQUE KEY `memberSlot` (`memberSeq`,`slotSeq`),
  KEY `memberSeq` (`memberSeq`),
  CONSTRAINT `freeBlock_ibfk_1` FOREIGN KEY (`memberSeq`) REFERENCES `memberInfo` (`seq`)
) ENGINE=InnoDB AUTO_INCREMENT=196 DEFAULT CHARSET=utf8;
/*!40101 SET character_set_client = @saved_cs_client */;

--
-- Dumping data for table `freeBlock`
--

LOCK TABLES `freeBlock` WRITE;
/*!40000 ALTER TABLE `freeBlock` DISABLE KEYS */;
INSERT INTO `freeBlock` VALUES (1,11,'[{\"blockType\":7,\"blockName\":\"Translate\",\"blockParam\":[\"x\",\"y\",\"z\"],\"data\":{\"x\":\"50\",\"y\":\"50\",\"z\":\"50\"}},{\"blockType\":15,\"blockName\":\"Color\",\"blockParam\":[\"rgb\"],\"data\":{\"rgb\":\"0x808000\"}},{\"blockType\":3,\"blockName\":\"DrawSphere\",\"blockParam\":[\"radius\",\"ures\",\"vres\"],\"data\":{\"radius\":\"20\",\"ures\":\"100\",\"vres\":\"100\"}},{\"blockType\":2,\"blockName\":\"DrawBox\",\"blockParam\":[\"width\",\"height\",\"depth\"],\"data\":{\"width\":\"80\",\"height\":\"5\",\"depth\":\"20\"}},{\"blockType\":2,\"blockName\":\"DrawBox\",\"blockParam\":[\"width\",\"height\",\"depth\"],\"data\":{\"width\":\"5\",\"height\":\"80\",\"depth\":\"20\"}},{\"blockType\":7,\"blockName\":\"Translate\",\"blockParam\":[\"x\",\"y\",\"z\"],\"data\":{\"x\":\"-100\",\"y\":\"0\",\"z\":\"0\"}},{\"blockType\":3,\"blockName\":\"DrawSphere\",\"blockParam\":[\"radius\",\"ures\",\"vres\"],\"data\":{\"radius\":\"25\",\"ures\":\"25\",\"vres\":\"25\"}},{\"blockType\":2,\"blockName\":\"DrawBox\",\"blockParam\":[\"width\",\"height\",\"depth\"],\"data\":{\"width\":\"80\",\"height\":\"10\",\"depth\":\"10\"}},{\"blockType\":2,\"blockName\":\"DrawBox\",\"blockParam\":[\"width\",\"height\",\"depth\"],\"data\":{\"width\":\"10\",\"height\":\"80\",\"depth\":\"10\"}}]','2015-02-08 06:41:37',1),(2,11,'[{\"blockType\":7,\"blockName\":\"Translate\",\"blockParam\":[\"x\",\"y\",\"z\"],\"data\":{\"x\":\"50\",\"y\":\"50\",\"z\":\"50\"}},{\"blockType\":15,\"blockName\":\"Color\",\"blockParam\":[\"rgb\"],\"data\":{\"rgb\":\"0x808000\"}},{\"blockType\":3,\"blockName\":\"DrawSphere\",\"blockParam\":[\"radius\",\"ures\",\"vres\"],\"data\":{\"radius\":\"20\",\"ures\":\"100\",\"vres\":\"100\"}},{\"blockType\":2,\"blockName\":\"DrawBox\",\"blockParam\":[\"width\",\"height\",\"depth\"],\"data\":{\"width\":\"80\",\"height\":\"5\",\"depth\":\"20\"}},{\"blockType\":2,\"blockName\":\"DrawBox\",\"blockParam\":[\"width\",\"height\",\"depth\"],\"data\":{\"width\":\"5\",\"height\":\"80\",\"depth\":\"20\"}}]','2015-02-08 06:41:28',2),(3,11,'[{\"blockType\":15,\"blockName\":\"Color\",\"blockParam\":[\"rgb\"],\"data\":{\"rgb\":\"0xff0000\"}},{\"blockType\":7,\"blockName\":\"Translate\",\"blockParam\":[\"x\",\"y\",\"z\"],\"data\":{\"x\":\"50\",\"y\":\"50\",\"z\":\"0\"}},{\"blockType\":3,\"blockName\":\"DrawSphere\",\"blockParam\":[\"radius\",\"ures\",\"vres\"],\"data\":{\"radius\":\"5\",\"ures\":\"5\",\"vres\":\"5\"}},{\"blockType\":15,\"blockName\":\"Color\",\"blockParam\":[\"rgb\"],\"data\":{\"rgb\":\"0x00ff00\"}},{\"blockType\":7,\"blockName\":\"Translate\",\"blockParam\":[\"x\",\"y\",\"z\"],\"data\":{\"x\":\"50\",\"y\":\"0\",\"z\":\"0\"}},{\"blockType\":3,\"blockName\":\"DrawSphere\",\"blockParam\":[\"radius\",\"ures\",\"vres\"],\"data\":{\"radius\":\"5\",\"ures\":\"5\",\"vres\":\"5\"}},{\"blockType\":15,\"blockName\":\"Color\",\"blockParam\":[\"rgb\"],\"data\":{\"rgb\":\"0x0000ff\"}},{\"blockType\":7,\"blockName\":\"Translate\",\"blockParam\":[\"x\",\"y\",\"z\"],\"data\":{\"x\":\"0\",\"y\":\"50\",\"z\":\"0\"}},{\"blockType\":3,\"blockName\":\"DrawSphere\",\"blockParam\":[\"radius\",\"ures\",\"vres\"],\"data\":{\"radius\":\"5\",\"ures\":\"5\",\"vres\":\"5\"}},{\"blockType\":7,\"blockName\":\"Translate\",\"blockParam\":[\"x\",\"y\",\"z\"],\"data\":{\"x\":\"-50\",\"y\":\"0\",\"z\":\"0\"}},{\"blockType\":15,\"blockName\":\"Color\",\"blockParam\":[\"rgb\"],\"data\":{\"rgb\":\"0x401080\"}},{\"blockType\":3,\"blockName\":\"DrawSphere\",\"blockParam\":[\"radius\",\"ures\",\"vres\"],\"data\":{\"radius\":\"5\",\"ures\":\"5\",\"vres\":\"5\"}}]','2015-02-08 06:41:13',3),(4,11,'[{\"blockType\":7,\"blockName\":\"Translate\",\"blockParam\":[\"x\",\"y\",\"z\"],\"data\":{\"x\":\"50\",\"y\":\"50\",\"z\":\"50\"}},{\"blockType\":15,\"blockName\":\"Color\",\"blockParam\":[\"rgb\"],\"data\":{\"rgb\":\"0x808000\"}},{\"blockType\":3,\"blockName\":\"DrawSphere\",\"blockParam\":[\"radius\",\"ures\",\"vres\"],\"data\":{\"radius\":\"20\",\"ures\":\"100\",\"vres\":\"100\"}},{\"blockType\":2,\"blockName\":\"DrawBox\",\"blockParam\":[\"width\",\"height\",\"depth\"],\"data\":{\"width\":\"80\",\"height\":\"5\",\"depth\":\"20\"}},{\"blockType\":2,\"blockName\":\"DrawBox\",\"blockParam\":[\"width\",\"height\",\"depth\"],\"data\":{\"width\":\"5\",\"height\":\"80\",\"depth\":\"20\"}},{\"blockType\":7,\"blockName\":\"Translate\",\"blockParam\":[\"x\",\"y\",\"z\"],\"data\":{\"x\":\"-100\",\"y\":\"0\",\"z\":\"0\"}},{\"blockType\":3,\"blockName\":\"DrawSphere\",\"blockParam\":[\"radius\",\"ures\",\"vres\"],\"data\":{\"radius\":\"25\",\"ures\":\"25\",\"vres\":\"25\"}},{\"blockType\":2,\"blockName\":\"DrawBox\",\"blockParam\":[\"width\",\"height\",\"depth\"],\"data\":{\"width\":\"80\",\"height\":\"10\",\"depth\":\"10\"}},{\"blockType\":2,\"blockName\":\"DrawBox\",\"blockParam\":[\"width\",\"height\",\"depth\"],\"data\":{\"width\":\"10\",\"height\":\"80\",\"depth\":\"10\"}},{\"blockType\":7,\"blockName\":\"Translate\",\"blockParam\":[\"x\",\"y\",\"z\"],\"data\":{\"x\":\"0\",\"y\":\"-200\",\"z\":\"0\"}},{\"blockType\":3,\"blockName\":\"DrawSphere\",\"blockParam\":[\"radius\",\"ures\",\"vres\"],\"data\":{\"radius\":\"15\",\"ures\":\"15\",\"vres\":\"15\"}},{\"blockType\":2,\"blockName\":\"DrawBox\",\"blockParam\":[\"width\",\"height\",\"depth\"],\"data\":{\"width\":\"70\",\"height\":\"10\",\"depth\":\"10\"}},{\"blockType\":2,\"blockName\":\"DrawBox\",\"blockParam\":[\"width\",\"height\",\"depth\"],\"data\":{\"width\":\"10\",\"height\":\"70\",\"depth\":\"10\"}}]','2015-02-08 06:41:21',4),(5,11,'[{\"blockType\":2,\"blockName\":\"DrawBox\",\"blockParam\":[\"width\",\"height\",\"depth\"],\"data\":{\"width\":\"150\",\"height\":\"50\",\"depth\":\"50\"}},{\"blockType\":7,\"blockName\":\"Translate\",\"blockParam\":[\"x\",\"y\",\"z\"],\"data\":{\"x\":\"45\",\"y\":\"45\",\"z\":\"0\"}},{\"blockType\":2,\"blockName\":\"DrawBox\",\"blockParam\":[\"width\",\"height\",\"depth\"],\"data\":{\"width\":\"45\",\"height\":\"20\",\"depth\":\"10\"}},{\"blockType\":8,\"blockName\":\"Rotate\",\"blockParam\":[\"theta\",\"x\",\"y\",\"z\"],\"data\":{\"theta\":\"45\",\"x\":\"0\",\"y\":\"1\",\"z\":\"0\"}},{\"blockType\":2,\"blockName\":\"DrawBox\",\"blockParam\":[\"width\",\"height\",\"depth\"],\"data\":{\"width\":\"50\",\"height\":\"50\",\"depth\":\"50\"}},{\"blockType\":15,\"blockName\":\"Color\",\"blockParam\":[\"rgb\"],\"data\":{\"rgb\":\"0x111111\"}},{\"blockType\":7,\"blockName\":\"Translate\",\"blockParam\":[\"x\",\"y\",\"z\"],\"data\":{\"x\":\"0\",\"y\":\"50\",\"z\":\"0\"}},{\"blockType\":3,\"blockName\":\"DrawSphere\",\"blockParam\":[\"radius\",\"ures\",\"vres\"],\"data\":{\"radius\":\"10\",\"ures\":\"100\",\"vres\":\"100\"}},{\"blockType\":7,\"blockName\":\"Translate\",\"blockParam\":[\"x\",\"y\",\"z\"],\"data\":{\"x\":\"-50\",\"y\":\"0\",\"z\":\"0\"}},{\"blockType\":15,\"blockName\":\"Color\",\"blockParam\":[\"rgb\"],\"data\":{\"rgb\":\"0x005555\"}},{\"blockType\":3,\"blockName\":\"DrawSphere\",\"blockParam\":[\"radius\",\"ures\",\"vres\"],\"data\":{\"radius\":\"15\",\"ures\":\"100\",\"vres\":\"100\"}},{\"blockType\":9,\"blockName\":\"Scale\",\"blockParam\":[\"x\",\"y\",\"z\"],\"data\":{\"x\":\"50\",\"y\":\"0\",\"z\":\"0\"}},{\"blockType\":7,\"blockName\":\"Translate\",\"blockParam\":[\"x\",\"y\",\"z\"],\"data\":{\"x\":\"0\",\"y\":\"100\",\"z\":\"0\"}},{\"blockType\":3,\"blockName\":\"DrawSphere\",\"blockParam\":[\"radius\",\"ures\",\"vres\"],\"data\":{\"radius\":\"15\",\"ures\":\"100\",\"vres\":\"100\"}}]','2015-02-08 06:41:06',5),(6,4,'[{\"blockType\":14,\"blockName\":\"SpotLight\",\"blockParam\":[\"rgb\",\"intensity\",\"x\",\"y\",\"z\",\"nx\",\"ny\",\"nz\",\"angle\",\"exponent\"],\"data\":{\"rgb\":\"0xd1d1d1\",\"intensity\":\"1.0\",\"x\":\"100\",\"y\":\"100\",\"z\":\"100\",\"nx\":\"-1\",\"ny\":\"-1\",\"nz\":\"-1\",\"angle\":\"60\",\"exponent\":\"15\"}},{\"blockType\":8,\"blockName\":\"Rotate\",\"blockParam\":[\"theta\",\"x\",\"y\",\"z\"],\"data\":{\"theta\":\"90\",\"x\":\"0\",\"y\":\"1\",\"z\":\"0\"}},{\"blockType\":2,\"blockName\":\"DrawBox\",\"blockParam\":[\"width\",\"height\",\"depth\"],\"data\":{\"width\":\"100\",\"height\":\"100\",\"depth\":\"100\"}},{\"blockType\":15,\"blockName\":\"Color\",\"blockParam\":[\"rgb\"],\"data\":{\"rgb\":\"0xff0000\"}},{\"blockType\":7,\"blockName\":\"Translate\",\"blockParam\":[\"x\",\"y\",\"z\"],\"data\":{\"x\":\"0\",\"y\":\"50\",\"z\":\"0\"}},{\"blockType\":2,\"blockName\":\"DrawBox\",\"blockParam\":[\"width\",\"height\",\"depth\"],\"data\":{\"width\":\"100\",\"height\":\"1\",\"depth\":\"30\"}},{\"blockType\":4,\"blockName\":\"PushMatrix\",\"blockParam\":[],\"data\":{}},{\"blockType\":7,\"blockName\":\"Translate\",\"blockParam\":[\"x\",\"y\",\"z\"],\"data\":{\"x\":\"0\",\"y\":\"0\",\"z\":\"-35\"}},{\"blockType\":2,\"blockName\":\"DrawBox\",\"blockParam\":[\"width\",\"height\",\"depth\"],\"data\":{\"width\":\"100\",\"height\":\"1\",\"depth\":\"30\"}},{\"blockType\":5,\"blockName\":\"PopMatrix\",\"blockParam\":[],\"data\":{}},{\"blockType\":7,\"blockName\":\"Translate\",\"blockParam\":[\"x\",\"y\",\"z\"],\"data\":{\"x\":\"0\",\"y\":\"0\",\"z\":\"35\"}},{\"blockType\":2,\"blockName\":\"DrawBox\",\"blockParam\":[\"width\",\"height\",\"depth\"],\"data\":{\"width\":\"100\",\"height\":\"1\",\"depth\":\"30\"}}]','2015-02-13 01:21:55',1),(7,4,'[{\"blockType\":7,\"blockName\":\"Translate\",\"blockParam\":[\"x\",\"y\",\"z\"],\"data\":{\"x\":\"0\",\"y\":\"0\",\"z\":\"0\"}},{\"blockType\":10,\"blockName\":\"Perspective\",\"blockParam\":[\"fov\",\"near\",\"far\"],\"data\":{\"fov\":\"0\",\"near\":\"0\",\"far\":\"0\"}},{\"blockType\":3,\"blockName\":\"DrawSphere\",\"blockParam\":[\"radius\",\"ures\",\"vres\"],\"data\":{\"radius\":\"0\",\"ures\":\"0\",\"vres\":\"0\"}}]','2015-02-10 09:42:46',2),(8,4,'[{\"blockType\":14,\"blockName\":\"SpotLight\",\"blockParam\":[\"rgb\",\"intensity\",\"x\",\"y\",\"z\",\"nx\",\"ny\",\"nz\",\"angle\",\"exponent\"],\"data\":{\"rgb\":\"0xd1d1d1\",\"intensity\":\"1.0\",\"x\":\"100\",\"y\":\"100\",\"z\":\"100\",\"nx\":\"-1\",\"ny\":\"-1\",\"nz\":\"-1\",\"angle\":\"60\",\"exponent\":\"15\"}},{\"blockType\":8,\"blockName\":\"Rotate\",\"blockParam\":[\"theta\",\"x\",\"y\",\"z\"],\"data\":{\"theta\":\"45\",\"x\":\"0\",\"y\":\"1\",\"z\":\"0\"}},{\"blockType\":2,\"blockName\":\"DrawBox\",\"blockParam\":[\"width\",\"height\",\"depth\"],\"data\":{\"width\":\"100\",\"height\":\"100\",\"depth\":\"100\"}},{\"blockType\":15,\"blockName\":\"Color\",\"blockParam\":[\"rgb\"],\"data\":{\"rgb\":\"0xff0000\"}},{\"blockType\":7,\"blockName\":\"Translate\",\"blockParam\":[\"x\",\"y\",\"z\"],\"data\":{\"x\":\"0\",\"y\":\"50\",\"z\":\"0\"}},{\"blockType\":4,\"blockName\":\"PushMatrix\",\"blockParam\":[],\"data\":{}},{\"blockType\":8,\"blockName\":\"Rotate\",\"blockParam\":[\"theta\",\"x\",\"y\",\"z\"],\"data\":{\"theta\":\"45\",\"x\":\"0\",\"y\":\"1\",\"z\":\"0\"}},{\"blockType\":2,\"blockName\":\"DrawBox\",\"blockParam\":[\"width\",\"height\",\"depth\"],\"data\":{\"width\":\"100\",\"height\":\"1\",\"depth\":\"25\"}}]','2015-02-13 01:17:57',3),(9,4,'[{\"blockType\":15,\"blockName\":\"Color\",\"blockParam\":[\"rgb\"],\"data\":{\"rgb\":\"0xcf1414\"}},{\"blockType\":2,\"blockName\":\"DrawBox\",\"blockParam\":[\"width\",\"height\",\"depth\"],\"data\":{\"width\":\"40\",\"height\":\"20\",\"depth\":\"20\"}},{\"blockType\":7,\"blockName\":\"Translate\",\"blockParam\":[\"x\",\"y\",\"z\"],\"data\":{\"x\":\"0\",\"y\":\"30\",\"z\":\"0\"}},{\"blockType\":2,\"blockName\":\"DrawBox\",\"blockParam\":[\"width\",\"height\",\"depth\"],\"data\":{\"width\":\"40\",\"height\":\"20\",\"depth\":\"20\"}},{\"blockType\":7,\"blockName\":\"Translate\",\"blockParam\":[\"x\",\"y\",\"z\"],\"data\":{\"x\":\"0\",\"y\":\"30\",\"z\":\"0\"}},{\"blockType\":2,\"blockName\":\"DrawBox\",\"blockParam\":[\"width\",\"height\",\"depth\"],\"data\":{\"width\":\"40\",\"height\":\"20\",\"depth\":\"20\"}},{\"blockType\":6,\"blockName\":\"IdentityMatrix\",\"blockParam\":[],\"data\":{}},{\"blockType\":7,\"blockName\":\"Translate\",\"blockParam\":[\"x\",\"y\",\"z\"],\"data\":{\"x\":\"50\",\"y\":\"30\",\"z\":\"0\"}},{\"blockType\":15,\"blockName\":\"Color\",\"blockParam\":[\"rgb\"],\"data\":{\"rgb\":\"0xffffff\"}},{\"blockType\":2,\"blockName\":\"DrawBox\",\"blockParam\":[\"width\",\"height\",\"depth\"],\"data\":{\"width\":\"20\",\"height\":\"80\",\"depth\":\"20\"}},{\"blockType\":7,\"blockName\":\"Translate\",\"blockParam\":[\"x\",\"y\",\"z\"],\"data\":{\"x\":\"30\",\"y\":\"0\",\"z\":\"0\"}},{\"blockType\":2,\"blockName\":\"DrawBox\",\"blockParam\":[\"width\",\"height\",\"depth\"],\"data\":{\"width\":\"20\",\"height\":\"80\",\"depth\":\"20\"}},{\"blockType\":7,\"blockName\":\"Translate\",\"blockParam\":[\"x\",\"y\",\"z\"],\"data\":{\"x\":\"30\",\"y\":\"0\",\"z\":\"0\"}},{\"blockType\":2,\"blockName\":\"DrawBox\",\"blockParam\":[\"width\",\"height\",\"depth\"],\"data\":{\"width\":\"20\",\"height\":\"80\",\"depth\":\"20\"}},{\"blockType\":6,\"blockName\":\"IdentityMatrix\",\"blockParam\":[],\"data\":{}},{\"blockType\":7,\"blockName\":\"Translate\",\"blockParam\":[\"x\",\"y\",\"z\"],\"data\":{\"x\":\"-50\",\"y\":\"0\",\"z\":\"0\"}},{\"blockType\":2,\"blockName\":\"DrawBox\",\"blockParam\":[\"width\",\"height\",\"depth\"],\"data\":{\"width\":\"40\",\"height\":\"20\",\"depth\":\"20\"}},{\"blockType\":7,\"blockName\":\"Translate\",\"blockParam\":[\"x\",\"y\",\"z\"],\"data\":{\"x\":\"0\",\"y\":\"30\",\"z\":\"0\"}},{\"blockType\":2,\"blockName\":\"DrawBox\",\"blockParam\":[\"width\",\"height\",\"depth\"],\"data\":{\"width\":\"40\",\"height\":\"20\",\"depth\":\"20\"}},{\"blockType\":7,\"blockName\":\"Translate\",\"blockParam\":[\"x\",\"y\",\"z\"],\"data\":{\"x\":\"0\",\"y\":\"30\",\"z\":\"0\"}},{\"blockType\":2,\"blockName\":\"DrawBox\",\"blockParam\":[\"width\",\"height\",\"depth\"],\"data\":{\"width\":\"40\",\"height\":\"20\",\"depth\":\"20\"}}]','2015-02-13 00:29:44',4),(10,4,'[{\"blockType\":14,\"blockName\":\"SpotLight\",\"blockParam\":[\"rgb\",\"intensity\",\"x\",\"y\",\"z\",\"nx\",\"ny\",\"nz\",\"angle\",\"exponent\"],\"data\":{\"rgb\":\"0xd1d1d1\",\"intensity\":\"1.0\",\"x\":\"100\",\"y\":\"100\",\"z\":\"100\",\"nx\":\"-1\",\"ny\":\"-1\",\"nz\":\"-1\",\"angle\":\"60\",\"exponent\":\"15\"}},{\"blockType\":8,\"blockName\":\"Rotate\",\"blockParam\":[\"theta\",\"x\",\"y\",\"z\"],\"data\":{\"theta\":\"-45\",\"x\":\"0\",\"y\":\"1\",\"z\":\"0\"}},{\"blockType\":2,\"blockName\":\"DrawBox\",\"blockParam\":[\"width\",\"height\",\"depth\"],\"data\":{\"width\":\"100\",\"height\":\"100\",\"depth\":\"100\"}},{\"blockType\":15,\"blockName\":\"Color\",\"blockParam\":[\"rgb\"],\"data\":{\"rgb\":\"0xff0000\"}},{\"blockType\":7,\"blockName\":\"Translate\",\"blockParam\":[\"x\",\"y\",\"z\"],\"data\":{\"x\":\"0\",\"y\":\"50\",\"z\":\"0\"}},{\"blockType\":2,\"blockName\":\"DrawBox\",\"blockParam\":[\"width\",\"height\",\"depth\"],\"data\":{\"width\":\"100\",\"height\":\"1\",\"depth\":\"30\"}},{\"blockType\":4,\"blockName\":\"PushMatrix\",\"blockParam\":[],\"data\":{}},{\"blockType\":7,\"blockName\":\"Translate\",\"blockParam\":[\"x\",\"y\",\"z\"],\"data\":{\"x\":\"0\",\"y\":\"0\",\"z\":\"-35\"}},{\"blockType\":2,\"blockName\":\"DrawBox\",\"blockParam\":[\"width\",\"height\",\"depth\"],\"data\":{\"width\":\"100\",\"height\":\"1\",\"depth\":\"30\"}},{\"blockType\":5,\"blockName\":\"PopMatrix\",\"blockParam\":[],\"data\":{}},{\"blockType\":7,\"blockName\":\"Translate\",\"blockParam\":[\"x\",\"y\",\"z\"],\"data\":{\"x\":\"0\",\"y\":\"0\",\"z\":\"35\"}},{\"blockType\":2,\"blockName\":\"DrawBox\",\"blockParam\":[\"width\",\"height\",\"depth\"],\"data\":{\"width\":\"100\",\"height\":\"1\",\"depth\":\"30\"}},{\"blockType\":15,\"blockName\":\"Color\",\"blockParam\":[\"rgb\"],\"data\":{\"rgb\":\"0x999999\"}},{\"blockType\":7,\"blockName\":\"Translate\",\"blockParam\":[\"x\",\"y\",\"z\"],\"data\":{\"x\":\"0\",\"y\":\"-50\",\"z\":\"15\"}},{\"blockType\":2,\"blockName\":\"DrawBox\",\"blockParam\":[\"width\",\"height\",\"depth\"],\"data\":{\"width\":\"30\",\"height\":\"100\",\"depth\":\"1\"}},{\"blockType\":4,\"blockName\":\"PushMatrix\",\"blockParam\":[],\"data\":{}},{\"blockType\":7,\"blockName\":\"Translate\",\"blockParam\":[\"x\",\"y\",\"z\"],\"data\":{\"x\":\"-35\",\"y\":\"0\",\"z\":\"0\"}},{\"blockType\":2,\"blockName\":\"DrawBox\",\"blockParam\":[\"width\",\"height\",\"depth\"],\"data\":{\"width\":\"30\",\"height\":\"100\",\"depth\":\"1\"}},{\"blockType\":5,\"blockName\":\"PopMatrix\",\"blockParam\":[],\"data\":{}},{\"blockType\":7,\"blockName\":\"Translate\",\"blockParam\":[\"x\",\"y\",\"z\"],\"data\":{\"x\":\"35\",\"y\":\"0\",\"z\":\"0\"}},{\"blockType\":2,\"blockName\":\"DrawBox\",\"blockParam\":[\"width\",\"height\",\"depth\"],\"data\":{\"width\":\"30\",\"height\":\"100\",\"depth\":\"1\"}}]','2015-02-13 01:40:10',5),(11,12,'N','0000-00-00 00:00:00',1),(12,12,'N','0000-00-00 00:00:00',2),(13,12,'N','0000-00-00 00:00:00',3),(14,12,'N','0000-00-00 00:00:00',4),(15,12,'N','0000-00-00 00:00:00',5),(16,13,'N','0000-00-00 00:00:00',1),(17,13,'N','0000-00-00 00:00:00',3),(18,13,'N','0000-00-00 00:00:00',2),(19,13,'N','0000-00-00 00:00:00',4),(20,13,'N','0000-00-00 00:00:00',5),(21,14,'N','0000-00-00 00:00:00',1),(22,14,'N','0000-00-00 00:00:00',2),(23,14,'N','0000-00-00 00:00:00',4),(24,14,'N','0000-00-00 00:00:00',3),(25,14,'N','0000-00-00 00:00:00',5),(26,15,'N','0000-00-00 00:00:00',1),(27,15,'N','0000-00-00 00:00:00',2),(28,15,'N','0000-00-00 00:00:00',3),(29,15,'N','0000-00-00 00:00:00',4),(30,15,'N','0000-00-00 00:00:00',5),(31,16,'[{\"blockType\":14,\"blockName\":\"SpotLight\",\"blockParam\":[\"rgb\",\"intensity\",\"x\",\"y\",\"z\",\"nx\",\"ny\",\"nz\",\"angle\",\"exponent\"],\"data\":{\"rgb\":\"0xebff00\",\"intensity\":\"2.0\",\"x\":\"50\",\"y\":\"50\",\"z\":\"50\",\"nx\":\"0\",\"ny\":\"0\",\"nz\":\"0\",\"angle\":\"60\",\"exponent\":\"10\"}},{\"blockType\":7,\"blockName\":\"Translate\",\"blockParam\":[\"x\",\"y\",\"z\"],\"data\":{\"x\":\"30\",\"y\":\"0\",\"z\":\"0\"}},{\"blockType\":3,\"blockName\":\"DrawSphere\",\"blockParam\":[\"radius\",\"ures\",\"vres\"],\"data\":{\"radius\":\"30\",\"ures\":\"32\",\"vres\":\"32\"}}]','2015-02-10 07:31:35',1),(32,16,'[{\"blockType\":14,\"blockName\":\"SpotLight\",\"blockParam\":[\"rgb\",\"intensity\",\"x\",\"y\",\"z\",\"nx\",\"ny\",\"nz\",\"angle\",\"exponent\"],\"data\":{\"rgb\":\"0xebff00\",\"intensity\":\"2.0\",\"x\":\"50\",\"y\":\"50\",\"z\":\"50\",\"nx\":\"0\",\"ny\":\"0\",\"nz\":\"0\",\"angle\":\"60\",\"exponent\":\"10\"}},{\"blockType\":7,\"blockName\":\"Translate\",\"blockParam\":[\"x\",\"y\",\"z\"],\"data\":{\"x\":\"30\",\"y\":\"0\",\"z\":\"0\"}},{\"blockType\":3,\"blockName\":\"DrawSphere\",\"blockParam\":[\"radius\",\"ures\",\"vres\"],\"data\":{\"radius\":\"30\",\"ures\":\"32\",\"vres\":\"32\"}},{\"blockType\":9,\"blockName\":\"Scale\",\"blockParam\":[\"x\",\"y\",\"z\"],\"data\":{\"x\":\"10\",\"y\":\"10\",\"z\":\"10\"}},{\"blockType\":15,\"blockName\":\"Color\",\"blockParam\":[\"rgb\"],\"data\":{\"rgb\":\"0x00ff66\"}},{\"blockType\":3,\"blockName\":\"DrawSphere\",\"blockParam\":[\"radius\",\"ures\",\"vres\"],\"data\":{\"radius\":\"5\",\"ures\":\"32\",\"vres\":\"32\"}}]','2015-02-10 07:32:35',2),(33,16,'N','0000-00-00 00:00:00',3),(34,16,'N','0000-00-00 00:00:00',4),(35,16,'N','0000-00-00 00:00:00',5),(36,17,'N','0000-00-00 00:00:00',1),(37,17,'N','0000-00-00 00:00:00',2),(38,17,'N','0000-00-00 00:00:00',3),(39,17,'N','0000-00-00 00:00:00',4),(40,17,'N','0000-00-00 00:00:00',5),(41,18,'[{\"blockType\":2,\"blockName\":\"DrawBox\",\"blockParam\":[\"width\",\"height\",\"depth\"],\"data\":{\"width\":\"222\",\"height\":\"022\",\"depth\":\"22\"}}]','2015-02-10 12:16:44',1),(42,18,'N','0000-00-00 00:00:00',2),(43,18,'N','0000-00-00 00:00:00',3),(44,18,'N','0000-00-00 00:00:00',4),(45,18,'N','0000-00-00 00:00:00',5),(46,19,'N','0000-00-00 00:00:00',1),(47,19,'N','0000-00-00 00:00:00',2),(48,19,'N','0000-00-00 00:00:00',3),(49,19,'N','0000-00-00 00:00:00',4),(50,19,'N','0000-00-00 00:00:00',5),(51,20,'N','0000-00-00 00:00:00',1),(52,20,'N','0000-00-00 00:00:00',2),(53,20,'[{\"blockType\":2,\"blockName\":\"DrawBox\",\"blockParam\":[\"width\",\"height\",\"depth\"],\"data\":{\"width\":\"32\",\"height\":\"32\",\"depth\":\"32\"}},{\"blockType\":15,\"blockName\":\"Color\",\"blockParam\":[\"rgb\"],\"data\":{\"rgb\":\"0x00c714\"}},{\"blockType\":2,\"blockName\":\"DrawBox\",\"blockParam\":[\"width\",\"height\",\"depth\"],\"data\":{\"width\":\"32\",\"height\":\"32\",\"depth\":\"32\"}}]','2015-02-10 15:12:50',3),(54,20,'N','0000-00-00 00:00:00',4),(55,20,'N','0000-00-00 00:00:00',5),(56,21,'N','0000-00-00 00:00:00',1),(57,21,'N','0000-00-00 00:00:00',2),(58,21,'N','0000-00-00 00:00:00',3),(59,21,'N','0000-00-00 00:00:00',4),(60,21,'N','0000-00-00 00:00:00',5),(61,22,'[{\"blockType\":14,\"blockName\":\"SpotLight\",\"blockParam\":[\"rgb\",\"intensity\",\"x\",\"y\",\"z\",\"nx\",\"ny\",\"nz\",\"angle\",\"exponent\"],\"data\":{\"rgb\":\"0x0c6e0a\",\"intensity\":\"500\",\"x\":\"500\",\"y\":\"500\",\"z\":\"500\",\"nx\":\"500\",\"ny\":\"500\",\"nz\":\"500\",\"angle\":\"90\",\"exponent\":\"500\"}},{\"blockType\":2,\"blockName\":\"DrawBox\",\"blockParam\":[\"width\",\"height\",\"depth\"],\"data\":{\"width\":\"100\",\"height\":\"100\",\"depth\":\"100\"}}]','2015-02-11 06:37:04',1),(62,22,'N','0000-00-00 00:00:00',2),(63,22,'N','0000-00-00 00:00:00',3),(64,22,'N','0000-00-00 00:00:00',4),(65,22,'N','0000-00-00 00:00:00',5),(66,23,'N','0000-00-00 00:00:00',1),(67,23,'N','0000-00-00 00:00:00',2),(68,23,'N','0000-00-00 00:00:00',3),(69,23,'N','0000-00-00 00:00:00',4),(70,23,'N','0000-00-00 00:00:00',5),(71,24,'N','0000-00-00 00:00:00',5),(72,24,'[{\"blockType\":1,\"blockName\":\"DrawLine\",\"blockParam\":[\"x1\",\"y1\",\"z1\",\"x2\",\"y2\",\"z2\"],\"data\":{\"x1\":\"23\",\"y1\":\"23\",\"z1\":\"23\",\"x2\":\"23\",\"y2\":\"23\",\"z2\":\"23\"}}]','2015-02-11 06:49:51',1),(73,24,'[{\"blockType\":1,\"blockName\":\"DrawLine\",\"blockParam\":[\"x1\",\"y1\",\"z1\",\"x2\",\"y2\",\"z2\"],\"data\":{\"x1\":\"23\",\"y1\":\"23\",\"z1\":\"23\",\"x2\":\"23\",\"y2\":\"23\",\"z2\":\"23\"}}]','2015-02-11 06:49:47',2),(74,24,'N','0000-00-00 00:00:00',3),(75,24,'N','0000-00-00 00:00:00',4),(76,25,'N','0000-00-00 00:00:00',2),(77,25,'N','0000-00-00 00:00:00',1),(78,25,'N','0000-00-00 00:00:00',3),(79,25,'N','0000-00-00 00:00:00',4),(80,25,'N','0000-00-00 00:00:00',5),(81,26,'N','0000-00-00 00:00:00',5),(82,26,'N','0000-00-00 00:00:00',1),(83,26,'N','0000-00-00 00:00:00',2),(84,26,'N','0000-00-00 00:00:00',3),(85,26,'N','0000-00-00 00:00:00',4),(86,27,'N','0000-00-00 00:00:00',2),(87,27,'N','0000-00-00 00:00:00',1),(88,27,'N','0000-00-00 00:00:00',3),(89,27,'N','0000-00-00 00:00:00',4),(90,27,'N','0000-00-00 00:00:00',5),(91,28,'N','0000-00-00 00:00:00',1),(92,28,'N','0000-00-00 00:00:00',2),(93,28,'N','0000-00-00 00:00:00',3),(94,28,'N','0000-00-00 00:00:00',4),(95,28,'N','0000-00-00 00:00:00',5),(96,29,'N','0000-00-00 00:00:00',5),(97,29,'N','0000-00-00 00:00:00',1),(98,29,'N','0000-00-00 00:00:00',2),(99,29,'N','0000-00-00 00:00:00',3),(100,29,'N','0000-00-00 00:00:00',4),(101,30,'N','0000-00-00 00:00:00',5),(102,30,'N','0000-00-00 00:00:00',1),(103,30,'N','0000-00-00 00:00:00',2),(104,30,'N','0000-00-00 00:00:00',3),(105,30,'N','0000-00-00 00:00:00',4),(106,31,'N','0000-00-00 00:00:00',1),(107,31,'N','0000-00-00 00:00:00',2),(108,31,'N','0000-00-00 00:00:00',3),(109,31,'N','0000-00-00 00:00:00',4),(110,31,'N','0000-00-00 00:00:00',5),(111,32,'N','0000-00-00 00:00:00',1),(112,32,'N','0000-00-00 00:00:00',2),(113,32,'N','0000-00-00 00:00:00',3),(114,32,'N','0000-00-00 00:00:00',4),(115,32,'N','0000-00-00 00:00:00',5),(116,33,'N','0000-00-00 00:00:00',1),(117,33,'N','0000-00-00 00:00:00',2),(118,33,'N','0000-00-00 00:00:00',3),(119,33,'N','0000-00-00 00:00:00',4),(120,33,'N','0000-00-00 00:00:00',5),(121,34,'N','0000-00-00 00:00:00',1),(122,34,'N','0000-00-00 00:00:00',2),(123,34,'N','0000-00-00 00:00:00',3),(124,34,'N','0000-00-00 00:00:00',4),(125,34,'N','0000-00-00 00:00:00',5),(126,35,'[{\"blockType\":2,\"blockName\":\"DrawBox\",\"blockParam\":[\"width\",\"height\",\"depth\"],\"data\":{\"width\":\"10\",\"height\":\"20\",\"depth\":\"30\"}}]','2015-02-13 02:32:58',1),(127,35,'[{\"blockType\":2,\"blockName\":\"DrawBox\",\"blockParam\":[\"width\",\"height\",\"depth\"],\"data\":{\"width\":\"10\",\"height\":\"20\",\"depth\":\"30\"}},{\"blockType\":3,\"blockName\":\"DrawSphere\",\"blockParam\":[\"radius\",\"ures\",\"vres\"],\"data\":{\"radius\":\"100\",\"ures\":\"100\",\"vres\":\"100\"}}]','2015-02-13 02:33:17',2),(128,35,'N','0000-00-00 00:00:00',3),(129,35,'N','0000-00-00 00:00:00',4),(130,35,'N','0000-00-00 00:00:00',5),(131,36,'N','0000-00-00 00:00:00',1),(132,36,'N','0000-00-00 00:00:00',2),(133,36,'N','0000-00-00 00:00:00',3),(134,36,'N','0000-00-00 00:00:00',4),(135,36,'N','0000-00-00 00:00:00',5),(136,37,'N','0000-00-00 00:00:00',1),(137,37,'N','0000-00-00 00:00:00',2),(138,37,'N','0000-00-00 00:00:00',3),(139,37,'N','0000-00-00 00:00:00',4),(140,37,'N','0000-00-00 00:00:00',5),(141,38,'N','0000-00-00 00:00:00',1),(142,38,'N','0000-00-00 00:00:00',2),(143,38,'N','0000-00-00 00:00:00',3),(144,38,'N','0000-00-00 00:00:00',4),(145,38,'N','0000-00-00 00:00:00',5),(146,39,'N','0000-00-00 00:00:00',5),(147,39,'N','0000-00-00 00:00:00',1),(148,39,'N','0000-00-00 00:00:00',2),(149,39,'N','0000-00-00 00:00:00',3),(150,39,'N','0000-00-00 00:00:00',4),(151,40,'N','0000-00-00 00:00:00',5),(152,40,'N','0000-00-00 00:00:00',1),(153,40,'N','0000-00-00 00:00:00',2),(154,40,'N','0000-00-00 00:00:00',3),(155,40,'N','0000-00-00 00:00:00',4),(156,41,'N','0000-00-00 00:00:00',1),(157,41,'N','0000-00-00 00:00:00',2),(158,41,'N','0000-00-00 00:00:00',3),(159,41,'N','0000-00-00 00:00:00',4),(160,41,'N','0000-00-00 00:00:00',5),(161,42,'N','0000-00-00 00:00:00',2),(162,42,'N','0000-00-00 00:00:00',1),(163,42,'N','0000-00-00 00:00:00',3),(164,42,'N','0000-00-00 00:00:00',4),(165,42,'N','0000-00-00 00:00:00',5),(166,43,'N','0000-00-00 00:00:00',2),(167,43,'N','0000-00-00 00:00:00',1),(168,43,'N','0000-00-00 00:00:00',3),(169,43,'N','0000-00-00 00:00:00',4),(170,43,'N','0000-00-00 00:00:00',5),(171,44,'N','0000-00-00 00:00:00',5),(172,44,'N','0000-00-00 00:00:00',1),(173,44,'N','0000-00-00 00:00:00',2),(174,44,'N','0000-00-00 00:00:00',3),(175,44,'N','0000-00-00 00:00:00',4),(176,45,'N','0000-00-00 00:00:00',5),(177,45,'N','0000-00-00 00:00:00',1),(178,45,'N','0000-00-00 00:00:00',2),(179,45,'N','0000-00-00 00:00:00',3),(180,45,'N','0000-00-00 00:00:00',4),(181,46,'N','0000-00-00 00:00:00',5),(182,46,'N','0000-00-00 00:00:00',1),(183,46,'N','0000-00-00 00:00:00',2),(184,46,'N','0000-00-00 00:00:00',3),(185,46,'N','0000-00-00 00:00:00',4),(186,47,'N','0000-00-00 00:00:00',1),(187,47,'N','0000-00-00 00:00:00',2),(188,47,'N','0000-00-00 00:00:00',3),(189,47,'N','0000-00-00 00:00:00',4),(190,47,'N','0000-00-00 00:00:00',5),(191,48,'N','0000-00-00 00:00:00',1),(192,48,'N','0000-00-00 00:00:00',2),(193,48,'N','0000-00-00 00:00:00',3),(194,48,'N','0000-00-00 00:00:00',4),(195,48,'N','0000-00-00 00:00:00',5);
/*!40000 ALTER TABLE `freeBlock` ENABLE KEYS */;
UNLOCK TABLES;

--
-- Table structure for table `galleryInfo`
--

DROP TABLE IF EXISTS `galleryInfo`;
/*!40101 SET @saved_cs_client     = @@character_set_client */;
/*!40101 SET character_set_client = utf8 */;
CREATE TABLE `galleryInfo` (
  `seq` int(11) NOT NULL AUTO_INCREMENT,
  `memberSeq` int(11) NOT NULL,
  `regdate` datetime NOT NULL,
  `fileInfo` text NOT NULL,
  `fileName` char(255) NOT NULL,
  `extraInfo` longtext NOT NULL,
  PRIMARY KEY (`seq`),
  KEY `memberSeq` (`memberSeq`),
  CONSTRAINT `galleryInfo_ibfk_1` FOREIGN KEY (`memberSeq`) REFERENCES `memberInfo` (`seq`)
) ENGINE=InnoDB AUTO_INCREMENT=60 DEFAULT CHARSET=utf8;
/*!40101 SET character_set_client = @saved_cs_client */;

--
-- Dumping data for table `galleryInfo`
--

LOCK TABLES `galleryInfo` WRITE;
/*!40000 ALTER TABLE `galleryInfo` DISABLE KEYS */;
INSERT INTO `galleryInfo` VALUES (18,11,'2015-02-08 06:28:14','N','013dcf09282a88c32d29dd092147a379.png','[{\"blockType\":15,\"blockName\":\"Color\",\"blockParam\":[\"rgb\"],\"data\":{\"rgb\":\"0xff0000\"}},{\"blockType\":7,\"blockName\":\"Translate\",\"blockParam\":[\"x\",\"y\",\"z\"],\"data\":{\"x\":\"50\",\"y\":\"50\",\"z\":\"0\"}},{\"blockType\":3,\"blockName\":\"DrawSphere\",\"blockParam\":[\"radius\",\"ures\",\"vres\"],\"data\":{\"radius\":\"5\",\"ures\":\"5\",\"vres\":\"5\"}},{\"blockType\":15,\"blockName\":\"Color\",\"blockParam\":[\"rgb\"],\"data\":{\"rgb\":\"0x00ff00\"}},{\"blockType\":7,\"blockName\":\"Translate\",\"blockParam\":[\"x\",\"y\",\"z\"],\"data\":{\"x\":\"50\",\"y\":\"0\",\"z\":\"0\"}},{\"blockType\":3,\"blockName\":\"DrawSphere\",\"blockParam\":[\"radius\",\"ures\",\"vres\"],\"data\":{\"radius\":\"5\",\"ures\":\"5\",\"vres\":\"5\"}},{\"blockType\":15,\"blockName\":\"Color\",\"blockParam\":[\"rgb\"],\"data\":{\"rgb\":\"0x0000ff\"}},{\"blockType\":7,\"blockName\":\"Translate\",\"blockParam\":[\"x\",\"y\",\"z\"],\"data\":{\"x\":\"0\",\"y\":\"50\",\"z\":\"0\"}},{\"blockType\":3,\"blockName\":\"DrawSphere\",\"blockParam\":[\"radius\",\"ures\",\"vres\"],\"data\":{\"radius\":\"5\",\"ures\":\"5\",\"vres\":\"5\"}},{\"blockType\":7,\"blockName\":\"Translate\",\"blockParam\":[\"x\",\"y\",\"z\"],\"data\":{\"x\":\"-50\",\"y\":\"0\",\"z\":\"0\"}},{\"blockType\":15,\"blockName\":\"Color\",\"blockParam\":[\"rgb\"],\"data\":{\"rgb\":\"0x401080\"}},{\"blockType\":3,\"blockName\":\"DrawSphere\",\"blockParam\":[\"radius\",\"ures\",\"vres\"],\"data\":{\"radius\":\"5\",\"ures\":\"5\",\"vres\":\"5\"}}]'),(19,11,'2015-02-08 06:28:37','N','d4be63d1ad0a75443d16c2291571d4b7.png','[{\"blockType\":7,\"blockName\":\"Translate\",\"blockParam\":[\"x\",\"y\",\"z\"],\"data\":{\"x\":\"100\",\"y\":\"50\",\"z\":\"-30\"}},{\"blockType\":2,\"blockName\":\"DrawBox\",\"blockParam\":[\"width\",\"height\",\"depth\"],\"data\":{\"width\":\"20\",\"height\":\"30\",\"depth\":\"30\"}},{\"blockType\":15,\"blockName\":\"Color\",\"blockParam\":[\"rgb\"],\"data\":{\"rgb\":\"0xff00ff\"}},{\"blockType\":7,\"blockName\":\"Translate\",\"blockParam\":[\"x\",\"y\",\"z\"],\"data\":{\"x\":\"50\",\"y\":\"50\",\"z\":\"-10\"}},{\"blockType\":3,\"blockName\":\"DrawSphere\",\"blockParam\":[\"radius\",\"ures\",\"vres\"],\"data\":{\"radius\":\"15\",\"ures\":\"100\",\"vres\":\"100\"}}]'),(20,11,'2015-02-08 06:28:52','N','09010787964a98fd30fab4543a5807ca.png','[{\"blockType\":7,\"blockName\":\"Translate\",\"blockParam\":[\"x\",\"y\",\"z\"],\"data\":{\"x\":\"50\",\"y\":\"50\",\"z\":\"50\"}},{\"blockType\":15,\"blockName\":\"Color\",\"blockParam\":[\"rgb\"],\"data\":{\"rgb\":\"0x808000\"}},{\"blockType\":3,\"blockName\":\"DrawSphere\",\"blockParam\":[\"radius\",\"ures\",\"vres\"],\"data\":{\"radius\":\"20\",\"ures\":\"100\",\"vres\":\"100\"}},{\"blockType\":2,\"blockName\":\"DrawBox\",\"blockParam\":[\"width\",\"height\",\"depth\"],\"data\":{\"width\":\"80\",\"height\":\"5\",\"depth\":\"20\"}},{\"blockType\":2,\"blockName\":\"DrawBox\",\"blockParam\":[\"width\",\"height\",\"depth\"],\"data\":{\"width\":\"5\",\"height\":\"80\",\"depth\":\"20\"}}]'),(21,11,'2015-02-08 06:29:01','N','b4fbfb4ce2b60233a30e78d0f96adac0.png','[{\"blockType\":2,\"blockName\":\"DrawBox\",\"blockParam\":[\"width\",\"height\",\"depth\"],\"data\":{\"width\":\"0\",\"height\":\"0\",\"depth\":\"0\"}}]'),(22,11,'2015-02-08 06:29:55','N','17875d1377399bb7a93f1587d26b6eb9.png','[{\"blockType\":2,\"blockName\":\"DrawBox\",\"blockParam\":[\"width\",\"height\",\"depth\"],\"data\":{\"width\":\"0\",\"height\":\"0\",\"depth\":\"0\"}},{\"blockType\":7,\"blockName\":\"Translate\",\"blockParam\":[\"x\",\"y\",\"z\"],\"data\":{\"x\":\"50\",\"y\":\"50\",\"z\":\"50\"}},{\"blockType\":2,\"blockName\":\"DrawBox\",\"blockParam\":[\"width\",\"height\",\"depth\"],\"data\":{\"width\":\"20\",\"height\":\"10\",\"depth\":\"5\"}},{\"blockType\":7,\"blockName\":\"Translate\",\"blockParam\":[\"x\",\"y\",\"z\"],\"data\":{\"x\":\"10\",\"y\":\"0\",\"z\":\"0\"}},{\"blockType\":15,\"blockName\":\"Color\",\"blockParam\":[\"rgb\"],\"data\":{\"rgb\":\"0xff00ff\"}},{\"blockType\":3,\"blockName\":\"DrawSphere\",\"blockParam\":[\"radius\",\"ures\",\"vres\"],\"data\":{\"radius\":\"5\",\"ures\":\"100\",\"vres\":\"100\"}}]'),(23,11,'2015-02-08 06:30:35','N','dc8292fe6e0aeaf00f393a1973cd6af9.png','[{\"blockType\":7,\"blockName\":\"Translate\",\"blockParam\":[\"x\",\"y\",\"z\"],\"data\":{\"x\":\"100\",\"y\":\"50\",\"z\":\"-30\"}},{\"blockType\":2,\"blockName\":\"DrawBox\",\"blockParam\":[\"width\",\"height\",\"depth\"],\"data\":{\"width\":\"20\",\"height\":\"30\",\"depth\":\"30\"}},{\"blockType\":15,\"blockName\":\"Color\",\"blockParam\":[\"rgb\"],\"data\":{\"rgb\":\"0xff00ff\"}},{\"blockType\":7,\"blockName\":\"Translate\",\"blockParam\":[\"x\",\"y\",\"z\"],\"data\":{\"x\":\"0\",\"y\":\"30\",\"z\":\"0\"}},{\"blockType\":2,\"blockName\":\"DrawBox\",\"blockParam\":[\"width\",\"height\",\"depth\"],\"data\":{\"width\":\"30\",\"height\":\"10\",\"depth\":\"0\"}}]'),(24,11,'2015-02-08 06:30:59','N','a8b8473d1ac84d5f628bc97ca257a558.png','[{\"blockType\":7,\"blockName\":\"Translate\",\"blockParam\":[\"x\",\"y\",\"z\"],\"data\":{\"x\":\"-100\",\"y\":\"-100\",\"z\":\"-100\"}},{\"blockType\":2,\"blockName\":\"DrawBox\",\"blockParam\":[\"width\",\"height\",\"depth\"],\"data\":{\"width\":\"50\",\"height\":\"50\",\"depth\":\"50\"}},{\"blockType\":7,\"blockName\":\"Translate\",\"blockParam\":[\"x\",\"y\",\"z\"],\"data\":{\"x\":\"0\",\"y\":\"150\",\"z\":\"0\"}},{\"blockType\":2,\"blockName\":\"DrawBox\",\"blockParam\":[\"width\",\"height\",\"depth\"],\"data\":{\"width\":\"5\",\"height\":\"250\",\"depth\":\"5\"}}]'),(25,11,'2015-02-08 06:31:43','N','03ec67062a3b5b6ddd79a6ed8fe4e654.png','[{\"blockType\":7,\"blockName\":\"Translate\",\"blockParam\":[\"x\",\"y\",\"z\"],\"data\":{\"x\":\"-100\",\"y\":\"-100\",\"z\":\"-100\"}},{\"blockType\":2,\"blockName\":\"DrawBox\",\"blockParam\":[\"width\",\"height\",\"depth\"],\"data\":{\"width\":\"50\",\"height\":\"50\",\"depth\":\"50\"}},{\"blockType\":7,\"blockName\":\"Translate\",\"blockParam\":[\"x\",\"y\",\"z\"],\"data\":{\"x\":\"0\",\"y\":\"150\",\"z\":\"0\"}},{\"blockType\":2,\"blockName\":\"DrawBox\",\"blockParam\":[\"width\",\"height\",\"depth\"],\"data\":{\"width\":\"5\",\"height\":\"250\",\"depth\":\"5\"}},{\"blockType\":7,\"blockName\":\"Translate\",\"blockParam\":[\"x\",\"y\",\"z\"],\"data\":{\"x\":\"0\",\"y\":\"50\",\"z\":\"0\"}},{\"blockType\":2,\"blockName\":\"DrawBox\",\"blockParam\":[\"width\",\"height\",\"depth\"],\"data\":{\"width\":\"10\",\"height\":\"10\",\"depth\":\"10\"}},{\"blockType\":7,\"blockName\":\"Translate\",\"blockParam\":[\"x\",\"y\",\"z\"],\"data\":{\"x\":\"0\",\"y\":\"50\",\"z\":\"0\"}},{\"blockType\":3,\"blockName\":\"DrawSphere\",\"blockParam\":[\"radius\",\"ures\",\"vres\"],\"data\":{\"radius\":\"15\",\"ures\":\"100\",\"vres\":\"100\"}}]'),(26,11,'2015-02-08 06:33:48','N','ba57caa2a8ad50f9b37f7d9489f2a28f.png','[{\"blockType\":2,\"blockName\":\"DrawBox\",\"blockParam\":[\"width\",\"height\",\"depth\"],\"data\":{\"width\":\"150\",\"height\":\"50\",\"depth\":\"50\"}},{\"blockType\":7,\"blockName\":\"Translate\",\"blockParam\":[\"x\",\"y\",\"z\"],\"data\":{\"x\":\"45\",\"y\":\"45\",\"z\":\"0\"}},{\"blockType\":2,\"blockName\":\"DrawBox\",\"blockParam\":[\"width\",\"height\",\"depth\"],\"data\":{\"width\":\"45\",\"height\":\"20\",\"depth\":\"10\"}},{\"blockType\":8,\"blockName\":\"Rotate\",\"blockParam\":[\"theta\",\"x\",\"y\",\"z\"],\"data\":{\"theta\":\"45\",\"x\":\"0\",\"y\":\"1\",\"z\":\"0\"}},{\"blockType\":2,\"blockName\":\"DrawBox\",\"blockParam\":[\"width\",\"height\",\"depth\"],\"data\":{\"width\":\"50\",\"height\":\"50\",\"depth\":\"50\"}}]'),(27,11,'2015-02-08 06:34:50','N','56b202b961e8efee050d9e3badea4178.png','[{\"blockType\":2,\"blockName\":\"DrawBox\",\"blockParam\":[\"width\",\"height\",\"depth\"],\"data\":{\"width\":\"150\",\"height\":\"50\",\"depth\":\"50\"}},{\"blockType\":7,\"blockName\":\"Translate\",\"blockParam\":[\"x\",\"y\",\"z\"],\"data\":{\"x\":\"45\",\"y\":\"45\",\"z\":\"0\"}},{\"blockType\":2,\"blockName\":\"DrawBox\",\"blockParam\":[\"width\",\"height\",\"depth\"],\"data\":{\"width\":\"45\",\"height\":\"20\",\"depth\":\"10\"}},{\"blockType\":8,\"blockName\":\"Rotate\",\"blockParam\":[\"theta\",\"x\",\"y\",\"z\"],\"data\":{\"theta\":\"45\",\"x\":\"0\",\"y\":\"1\",\"z\":\"0\"}},{\"blockType\":2,\"blockName\":\"DrawBox\",\"blockParam\":[\"width\",\"height\",\"depth\"],\"data\":{\"width\":\"50\",\"height\":\"50\",\"depth\":\"50\"}},{\"blockType\":15,\"blockName\":\"Color\",\"blockParam\":[\"rgb\"],\"data\":{\"rgb\":\"0x111111\"}},{\"blockType\":7,\"blockName\":\"Translate\",\"blockParam\":[\"x\",\"y\",\"z\"],\"data\":{\"x\":\"0\",\"y\":\"50\",\"z\":\"0\"}},{\"blockType\":3,\"blockName\":\"DrawSphere\",\"blockParam\":[\"radius\",\"ures\",\"vres\"],\"data\":{\"radius\":\"10\",\"ures\":\"100\",\"vres\":\"100\"}},{\"blockType\":7,\"blockName\":\"Translate\",\"blockParam\":[\"x\",\"y\",\"z\"],\"data\":{\"x\":\"-50\",\"y\":\"0\",\"z\":\"0\"}},{\"blockType\":15,\"blockName\":\"Color\",\"blockParam\":[\"rgb\"],\"data\":{\"rgb\":\"0x005555\"}},{\"blockType\":3,\"blockName\":\"DrawSphere\",\"blockParam\":[\"radius\",\"ures\",\"vres\"],\"data\":{\"radius\":\"15\",\"ures\":\"100\",\"vres\":\"100\"}}]'),(28,11,'2015-02-08 06:35:54','N','7a0725705e579e096c9e38335d654441.png','[{\"blockType\":2,\"blockName\":\"DrawBox\",\"blockParam\":[\"width\",\"height\",\"depth\"],\"data\":{\"width\":\"150\",\"height\":\"50\",\"depth\":\"50\"}},{\"blockType\":7,\"blockName\":\"Translate\",\"blockParam\":[\"x\",\"y\",\"z\"],\"data\":{\"x\":\"45\",\"y\":\"45\",\"z\":\"0\"}},{\"blockType\":2,\"blockName\":\"DrawBox\",\"blockParam\":[\"width\",\"height\",\"depth\"],\"data\":{\"width\":\"45\",\"height\":\"20\",\"depth\":\"10\"}},{\"blockType\":8,\"blockName\":\"Rotate\",\"blockParam\":[\"theta\",\"x\",\"y\",\"z\"],\"data\":{\"theta\":\"45\",\"x\":\"0\",\"y\":\"1\",\"z\":\"0\"}},{\"blockType\":2,\"blockName\":\"DrawBox\",\"blockParam\":[\"width\",\"height\",\"depth\"],\"data\":{\"width\":\"50\",\"height\":\"50\",\"depth\":\"50\"}},{\"blockType\":15,\"blockName\":\"Color\",\"blockParam\":[\"rgb\"],\"data\":{\"rgb\":\"0x111111\"}},{\"blockType\":7,\"blockName\":\"Translate\",\"blockParam\":[\"x\",\"y\",\"z\"],\"data\":{\"x\":\"0\",\"y\":\"50\",\"z\":\"0\"}},{\"blockType\":3,\"blockName\":\"DrawSphere\",\"blockParam\":[\"radius\",\"ures\",\"vres\"],\"data\":{\"radius\":\"10\",\"ures\":\"100\",\"vres\":\"100\"}},{\"blockType\":7,\"blockName\":\"Translate\",\"blockParam\":[\"x\",\"y\",\"z\"],\"data\":{\"x\":\"-50\",\"y\":\"0\",\"z\":\"0\"}},{\"blockType\":15,\"blockName\":\"Color\",\"blockParam\":[\"rgb\"],\"data\":{\"rgb\":\"0x005555\"}},{\"blockType\":3,\"blockName\":\"DrawSphere\",\"blockParam\":[\"radius\",\"ures\",\"vres\"],\"data\":{\"radius\":\"15\",\"ures\":\"100\",\"vres\":\"100\"}},{\"blockType\":9,\"blockName\":\"Scale\",\"blockParam\":[\"x\",\"y\",\"z\"],\"data\":{\"x\":\"50\",\"y\":\"0\",\"z\":\"0\"}},{\"blockType\":7,\"blockName\":\"Translate\",\"blockParam\":[\"x\",\"y\",\"z\"],\"data\":{\"x\":\"0\",\"y\":\"100\",\"z\":\"0\"}},{\"blockType\":3,\"blockName\":\"DrawSphere\",\"blockParam\":[\"radius\",\"ures\",\"vres\"],\"data\":{\"radius\":\"15\",\"ures\":\"100\",\"vres\":\"100\"}}]'),(29,11,'2015-02-08 06:36:50','N','abce31669e8428b9ab9dd2c5abc9b978.png','[{\"blockType\":15,\"blockName\":\"Color\",\"blockParam\":[\"rgb\"],\"data\":{\"rgb\":\"0xff0000\"}},{\"blockType\":7,\"blockName\":\"Translate\",\"blockParam\":[\"x\",\"y\",\"z\"],\"data\":{\"x\":\"-50\",\"y\":\"-50\",\"z\":\"-50\"}},{\"blockType\":2,\"blockName\":\"DrawBox\",\"blockParam\":[\"width\",\"height\",\"depth\"],\"data\":{\"width\":\"33\",\"height\":\"33\",\"depth\":\"33\"}}]'),(30,11,'2015-02-08 06:37:00','N','6ff69986543c20e7d32ab7d5227e060e.png','[{\"blockType\":15,\"blockName\":\"Color\",\"blockParam\":[\"rgb\"],\"data\":{\"rgb\":\"0xffff00\"}},{\"blockType\":7,\"blockName\":\"Translate\",\"blockParam\":[\"x\",\"y\",\"z\"],\"data\":{\"x\":\"-50\",\"y\":\"-50\",\"z\":\"-50\"}},{\"blockType\":2,\"blockName\":\"DrawBox\",\"blockParam\":[\"width\",\"height\",\"depth\"],\"data\":{\"width\":\"33\",\"height\":\"33\",\"depth\":\"33\"}}]'),(31,11,'2015-02-08 06:37:09','N','ae090e9a2d13b81f4e955af71fc2c384.png','[{\"blockType\":15,\"blockName\":\"Color\",\"blockParam\":[\"rgb\"],\"data\":{\"rgb\":\"0xffffff\"}},{\"blockType\":7,\"blockName\":\"Translate\",\"blockParam\":[\"x\",\"y\",\"z\"],\"data\":{\"x\":\"-50\",\"y\":\"-50\",\"z\":\"-50\"}},{\"blockType\":2,\"blockName\":\"DrawBox\",\"blockParam\":[\"width\",\"height\",\"depth\"],\"data\":{\"width\":\"33\",\"height\":\"33\",\"depth\":\"33\"}}]'),(32,11,'2015-02-08 06:37:19','N','92252ebd6c649c62c27b8c8cfd59fa2a.png','[{\"blockType\":15,\"blockName\":\"Color\",\"blockParam\":[\"rgb\"],\"data\":{\"rgb\":\"0xff00ff\"}},{\"blockType\":7,\"blockName\":\"Translate\",\"blockParam\":[\"x\",\"y\",\"z\"],\"data\":{\"x\":\"-50\",\"y\":\"-50\",\"z\":\"-50\"}},{\"blockType\":2,\"blockName\":\"DrawBox\",\"blockParam\":[\"width\",\"height\",\"depth\"],\"data\":{\"width\":\"33\",\"height\":\"33\",\"depth\":\"33\"}}]'),(33,11,'2015-02-08 06:37:38','N','f4af8c8c65edf74f5a2277e247cc1904.png','[{\"blockType\":15,\"blockName\":\"Color\",\"blockParam\":[\"rgb\"],\"data\":{\"rgb\":\"0xff00ff\"}},{\"blockType\":7,\"blockName\":\"Translate\",\"blockParam\":[\"x\",\"y\",\"z\"],\"data\":{\"x\":\"-50\",\"y\":\"-50\",\"z\":\"-50\"}},{\"blockType\":2,\"blockName\":\"DrawBox\",\"blockParam\":[\"width\",\"height\",\"depth\"],\"data\":{\"width\":\"20\",\"height\":\"33\",\"depth\":\"33\"}}]'),(34,11,'2015-02-08 06:37:56','N','ef1eff7776562c51d3f7018ed740ff40.png','[{\"blockType\":15,\"blockName\":\"Color\",\"blockParam\":[\"rgb\"],\"data\":{\"rgb\":\"0x004444\"}},{\"blockType\":7,\"blockName\":\"Translate\",\"blockParam\":[\"x\",\"y\",\"z\"],\"data\":{\"x\":\"-50\",\"y\":\"-50\",\"z\":\"-50\"}},{\"blockType\":2,\"blockName\":\"DrawBox\",\"blockParam\":[\"width\",\"height\",\"depth\"],\"data\":{\"width\":\"20\",\"height\":\"33\",\"depth\":\"33\"}}]'),(35,11,'2015-02-08 06:38:21','N','13230071f886a3c119a28ae747fab349.png','[{\"blockType\":15,\"blockName\":\"Color\",\"blockParam\":[\"rgb\"],\"data\":{\"rgb\":\"0x004444\"}},{\"blockType\":7,\"blockName\":\"Translate\",\"blockParam\":[\"x\",\"y\",\"z\"],\"data\":{\"x\":\"-50\",\"y\":\"-50\",\"z\":\"-50\"}},{\"blockType\":2,\"blockName\":\"DrawBox\",\"blockParam\":[\"width\",\"height\",\"depth\"],\"data\":{\"width\":\"30\",\"height\":\"10\",\"depth\":\"10\"}},{\"blockType\":2,\"blockName\":\"DrawBox\",\"blockParam\":[\"width\",\"height\",\"depth\"],\"data\":{\"width\":\"10\",\"height\":\"30\",\"depth\":\"10\"}}]'),(36,11,'2015-02-08 06:38:59','N','a3389c2314a60f3966e6fd29cb2717e7.png','[{\"blockType\":15,\"blockName\":\"Color\",\"blockParam\":[\"rgb\"],\"data\":{\"rgb\":\"0x004444\"}},{\"blockType\":7,\"blockName\":\"Translate\",\"blockParam\":[\"x\",\"y\",\"z\"],\"data\":{\"x\":\"-50\",\"y\":\"-50\",\"z\":\"-50\"}},{\"blockType\":2,\"blockName\":\"DrawBox\",\"blockParam\":[\"width\",\"height\",\"depth\"],\"data\":{\"width\":\"30\",\"height\":\"10\",\"depth\":\"10\"}},{\"blockType\":2,\"blockName\":\"DrawBox\",\"blockParam\":[\"width\",\"height\",\"depth\"],\"data\":{\"width\":\"10\",\"height\":\"30\",\"depth\":\"10\"}},{\"blockType\":7,\"blockName\":\"Translate\",\"blockParam\":[\"x\",\"y\",\"z\"],\"data\":{\"x\":\"200\",\"y\":\"0\",\"z\":\"0\"}},{\"blockType\":15,\"blockName\":\"Color\",\"blockParam\":[\"rgb\"],\"data\":{\"rgb\":\"0xff1144\"}},{\"blockType\":3,\"blockName\":\"DrawSphere\",\"blockParam\":[\"radius\",\"ures\",\"vres\"],\"data\":{\"radius\":\"20\",\"ures\":\"100\",\"vres\":\"100\"}}]'),(37,11,'2015-02-08 06:40:00','N','476c6350222b4795eea3190355d9f5dc.png','[{\"blockType\":7,\"blockName\":\"Translate\",\"blockParam\":[\"x\",\"y\",\"z\"],\"data\":{\"x\":\"50\",\"y\":\"50\",\"z\":\"50\"}},{\"blockType\":15,\"blockName\":\"Color\",\"blockParam\":[\"rgb\"],\"data\":{\"rgb\":\"0x808000\"}},{\"blockType\":3,\"blockName\":\"DrawSphere\",\"blockParam\":[\"radius\",\"ures\",\"vres\"],\"data\":{\"radius\":\"20\",\"ures\":\"100\",\"vres\":\"100\"}},{\"blockType\":2,\"blockName\":\"DrawBox\",\"blockParam\":[\"width\",\"height\",\"depth\"],\"data\":{\"width\":\"80\",\"height\":\"5\",\"depth\":\"20\"}},{\"blockType\":2,\"blockName\":\"DrawBox\",\"blockParam\":[\"width\",\"height\",\"depth\"],\"data\":{\"width\":\"5\",\"height\":\"80\",\"depth\":\"20\"}},{\"blockType\":7,\"blockName\":\"Translate\",\"blockParam\":[\"x\",\"y\",\"z\"],\"data\":{\"x\":\"-100\",\"y\":\"0\",\"z\":\"0\"}},{\"blockType\":3,\"blockName\":\"DrawSphere\",\"blockParam\":[\"radius\",\"ures\",\"vres\"],\"data\":{\"radius\":\"25\",\"ures\":\"25\",\"vres\":\"25\"}},{\"blockType\":2,\"blockName\":\"DrawBox\",\"blockParam\":[\"width\",\"height\",\"depth\"],\"data\":{\"width\":\"80\",\"height\":\"10\",\"depth\":\"10\"}},{\"blockType\":2,\"blockName\":\"DrawBox\",\"blockParam\":[\"width\",\"height\",\"depth\"],\"data\":{\"width\":\"10\",\"height\":\"80\",\"depth\":\"10\"}}]'),(38,11,'2015-02-08 06:40:53','N','efb265af617b0f9aa2eb19a388e470ee.png','[{\"blockType\":7,\"blockName\":\"Translate\",\"blockParam\":[\"x\",\"y\",\"z\"],\"data\":{\"x\":\"50\",\"y\":\"50\",\"z\":\"50\"}},{\"blockType\":15,\"blockName\":\"Color\",\"blockParam\":[\"rgb\"],\"data\":{\"rgb\":\"0x808000\"}},{\"blockType\":3,\"blockName\":\"DrawSphere\",\"blockParam\":[\"radius\",\"ures\",\"vres\"],\"data\":{\"radius\":\"20\",\"ures\":\"100\",\"vres\":\"100\"}},{\"blockType\":2,\"blockName\":\"DrawBox\",\"blockParam\":[\"width\",\"height\",\"depth\"],\"data\":{\"width\":\"80\",\"height\":\"5\",\"depth\":\"20\"}},{\"blockType\":2,\"blockName\":\"DrawBox\",\"blockParam\":[\"width\",\"height\",\"depth\"],\"data\":{\"width\":\"5\",\"height\":\"80\",\"depth\":\"20\"}},{\"blockType\":7,\"blockName\":\"Translate\",\"blockParam\":[\"x\",\"y\",\"z\"],\"data\":{\"x\":\"-100\",\"y\":\"0\",\"z\":\"0\"}},{\"blockType\":3,\"blockName\":\"DrawSphere\",\"blockParam\":[\"radius\",\"ures\",\"vres\"],\"data\":{\"radius\":\"25\",\"ures\":\"25\",\"vres\":\"25\"}},{\"blockType\":2,\"blockName\":\"DrawBox\",\"blockParam\":[\"width\",\"height\",\"depth\"],\"data\":{\"width\":\"80\",\"height\":\"10\",\"depth\":\"10\"}},{\"blockType\":2,\"blockName\":\"DrawBox\",\"blockParam\":[\"width\",\"height\",\"depth\"],\"data\":{\"width\":\"10\",\"height\":\"80\",\"depth\":\"10\"}},{\"blockType\":7,\"blockName\":\"Translate\",\"blockParam\":[\"x\",\"y\",\"z\"],\"data\":{\"x\":\"0\",\"y\":\"-200\",\"z\":\"0\"}},{\"blockType\":3,\"blockName\":\"DrawSphere\",\"blockParam\":[\"radius\",\"ures\",\"vres\"],\"data\":{\"radius\":\"15\",\"ures\":\"15\",\"vres\":\"15\"}},{\"blockType\":2,\"blockName\":\"DrawBox\",\"blockParam\":[\"width\",\"height\",\"depth\"],\"data\":{\"width\":\"70\",\"height\":\"10\",\"depth\":\"10\"}},{\"blockType\":2,\"blockName\":\"DrawBox\",\"blockParam\":[\"width\",\"height\",\"depth\"],\"data\":{\"width\":\"10\",\"height\":\"70\",\"depth\":\"10\"}}]'),(39,11,'2015-02-08 06:41:02','N','7cc4001ee09c404c9a38a4a4cc3f7b7b.png','[{\"blockType\":2,\"blockName\":\"DrawBox\",\"blockParam\":[\"width\",\"height\",\"depth\"],\"data\":{\"width\":\"150\",\"height\":\"50\",\"depth\":\"50\"}},{\"blockType\":7,\"blockName\":\"Translate\",\"blockParam\":[\"x\",\"y\",\"z\"],\"data\":{\"x\":\"45\",\"y\":\"45\",\"z\":\"0\"}},{\"blockType\":2,\"blockName\":\"DrawBox\",\"blockParam\":[\"width\",\"height\",\"depth\"],\"data\":{\"width\":\"45\",\"height\":\"20\",\"depth\":\"10\"}},{\"blockType\":8,\"blockName\":\"Rotate\",\"blockParam\":[\"theta\",\"x\",\"y\",\"z\"],\"data\":{\"theta\":\"45\",\"x\":\"0\",\"y\":\"1\",\"z\":\"0\"}},{\"blockType\":2,\"blockName\":\"DrawBox\",\"blockParam\":[\"width\",\"height\",\"depth\"],\"data\":{\"width\":\"50\",\"height\":\"50\",\"depth\":\"50\"}},{\"blockType\":15,\"blockName\":\"Color\",\"blockParam\":[\"rgb\"],\"data\":{\"rgb\":\"0x111111\"}},{\"blockType\":7,\"blockName\":\"Translate\",\"blockParam\":[\"x\",\"y\",\"z\"],\"data\":{\"x\":\"0\",\"y\":\"50\",\"z\":\"0\"}},{\"blockType\":3,\"blockName\":\"DrawSphere\",\"blockParam\":[\"radius\",\"ures\",\"vres\"],\"data\":{\"radius\":\"10\",\"ures\":\"100\",\"vres\":\"100\"}},{\"blockType\":7,\"blockName\":\"Translate\",\"blockParam\":[\"x\",\"y\",\"z\"],\"data\":{\"x\":\"-50\",\"y\":\"0\",\"z\":\"0\"}},{\"blockType\":15,\"blockName\":\"Color\",\"blockParam\":[\"rgb\"],\"data\":{\"rgb\":\"0x005555\"}},{\"blockType\":3,\"blockName\":\"DrawSphere\",\"blockParam\":[\"radius\",\"ures\",\"vres\"],\"data\":{\"radius\":\"15\",\"ures\":\"100\",\"vres\":\"100\"}},{\"blockType\":9,\"blockName\":\"Scale\",\"blockParam\":[\"x\",\"y\",\"z\"],\"data\":{\"x\":\"50\",\"y\":\"0\",\"z\":\"0\"}},{\"blockType\":7,\"blockName\":\"Translate\",\"blockParam\":[\"x\",\"y\",\"z\"],\"data\":{\"x\":\"0\",\"y\":\"100\",\"z\":\"0\"}},{\"blockType\":3,\"blockName\":\"DrawSphere\",\"blockParam\":[\"radius\",\"ures\",\"vres\"],\"data\":{\"radius\":\"15\",\"ures\":\"100\",\"vres\":\"100\"}}]'),(40,11,'2015-02-08 06:41:06','N','796380053565261a1174c7becf76566d.png','[{\"blockType\":2,\"blockName\":\"DrawBox\",\"blockParam\":[\"width\",\"height\",\"depth\"],\"data\":{\"width\":\"150\",\"height\":\"50\",\"depth\":\"50\"}},{\"blockType\":7,\"blockName\":\"Translate\",\"blockParam\":[\"x\",\"y\",\"z\"],\"data\":{\"x\":\"45\",\"y\":\"45\",\"z\":\"0\"}},{\"blockType\":2,\"blockName\":\"DrawBox\",\"blockParam\":[\"width\",\"height\",\"depth\"],\"data\":{\"width\":\"45\",\"height\":\"20\",\"depth\":\"10\"}},{\"blockType\":8,\"blockName\":\"Rotate\",\"blockParam\":[\"theta\",\"x\",\"y\",\"z\"],\"data\":{\"theta\":\"45\",\"x\":\"0\",\"y\":\"1\",\"z\":\"0\"}},{\"blockType\":2,\"blockName\":\"DrawBox\",\"blockParam\":[\"width\",\"height\",\"depth\"],\"data\":{\"width\":\"50\",\"height\":\"50\",\"depth\":\"50\"}},{\"blockType\":15,\"blockName\":\"Color\",\"blockParam\":[\"rgb\"],\"data\":{\"rgb\":\"0x111111\"}},{\"blockType\":7,\"blockName\":\"Translate\",\"blockParam\":[\"x\",\"y\",\"z\"],\"data\":{\"x\":\"0\",\"y\":\"50\",\"z\":\"0\"}},{\"blockType\":3,\"blockName\":\"DrawSphere\",\"blockParam\":[\"radius\",\"ures\",\"vres\"],\"data\":{\"radius\":\"10\",\"ures\":\"100\",\"vres\":\"100\"}},{\"blockType\":7,\"blockName\":\"Translate\",\"blockParam\":[\"x\",\"y\",\"z\"],\"data\":{\"x\":\"-50\",\"y\":\"0\",\"z\":\"0\"}},{\"blockType\":15,\"blockName\":\"Color\",\"blockParam\":[\"rgb\"],\"data\":{\"rgb\":\"0x005555\"}},{\"blockType\":3,\"blockName\":\"DrawSphere\",\"blockParam\":[\"radius\",\"ures\",\"vres\"],\"data\":{\"radius\":\"15\",\"ures\":\"100\",\"vres\":\"100\"}},{\"blockType\":9,\"blockName\":\"Scale\",\"blockParam\":[\"x\",\"y\",\"z\"],\"data\":{\"x\":\"50\",\"y\":\"0\",\"z\":\"0\"}},{\"blockType\":7,\"blockName\":\"Translate\",\"blockParam\":[\"x\",\"y\",\"z\"],\"data\":{\"x\":\"0\",\"y\":\"100\",\"z\":\"0\"}},{\"blockType\":3,\"blockName\":\"DrawSphere\",\"blockParam\":[\"radius\",\"ures\",\"vres\"],\"data\":{\"radius\":\"15\",\"ures\":\"100\",\"vres\":\"100\"}}]'),(41,11,'2015-02-08 06:41:13','N','9a728473a8278a2c4aef959018baa0f2.png','[{\"blockType\":15,\"blockName\":\"Color\",\"blockParam\":[\"rgb\"],\"data\":{\"rgb\":\"0xff0000\"}},{\"blockType\":7,\"blockName\":\"Translate\",\"blockParam\":[\"x\",\"y\",\"z\"],\"data\":{\"x\":\"50\",\"y\":\"50\",\"z\":\"0\"}},{\"blockType\":3,\"blockName\":\"DrawSphere\",\"blockParam\":[\"radius\",\"ures\",\"vres\"],\"data\":{\"radius\":\"5\",\"ures\":\"5\",\"vres\":\"5\"}},{\"blockType\":15,\"blockName\":\"Color\",\"blockParam\":[\"rgb\"],\"data\":{\"rgb\":\"0x00ff00\"}},{\"blockType\":7,\"blockName\":\"Translate\",\"blockParam\":[\"x\",\"y\",\"z\"],\"data\":{\"x\":\"50\",\"y\":\"0\",\"z\":\"0\"}},{\"blockType\":3,\"blockName\":\"DrawSphere\",\"blockParam\":[\"radius\",\"ures\",\"vres\"],\"data\":{\"radius\":\"5\",\"ures\":\"5\",\"vres\":\"5\"}},{\"blockType\":15,\"blockName\":\"Color\",\"blockParam\":[\"rgb\"],\"data\":{\"rgb\":\"0x0000ff\"}},{\"blockType\":7,\"blockName\":\"Translate\",\"blockParam\":[\"x\",\"y\",\"z\"],\"data\":{\"x\":\"0\",\"y\":\"50\",\"z\":\"0\"}},{\"blockType\":3,\"blockName\":\"DrawSphere\",\"blockParam\":[\"radius\",\"ures\",\"vres\"],\"data\":{\"radius\":\"5\",\"ures\":\"5\",\"vres\":\"5\"}},{\"blockType\":7,\"blockName\":\"Translate\",\"blockParam\":[\"x\",\"y\",\"z\"],\"data\":{\"x\":\"-50\",\"y\":\"0\",\"z\":\"0\"}},{\"blockType\":15,\"blockName\":\"Color\",\"blockParam\":[\"rgb\"],\"data\":{\"rgb\":\"0x401080\"}},{\"blockType\":3,\"blockName\":\"DrawSphere\",\"blockParam\":[\"radius\",\"ures\",\"vres\"],\"data\":{\"radius\":\"5\",\"ures\":\"5\",\"vres\":\"5\"}}]'),(42,11,'2015-02-08 06:41:21','N','ac16bf22f05f4b5548ad24054c9afebd.png','[{\"blockType\":7,\"blockName\":\"Translate\",\"blockParam\":[\"x\",\"y\",\"z\"],\"data\":{\"x\":\"50\",\"y\":\"50\",\"z\":\"50\"}},{\"blockType\":15,\"blockName\":\"Color\",\"blockParam\":[\"rgb\"],\"data\":{\"rgb\":\"0x808000\"}},{\"blockType\":3,\"blockName\":\"DrawSphere\",\"blockParam\":[\"radius\",\"ures\",\"vres\"],\"data\":{\"radius\":\"20\",\"ures\":\"100\",\"vres\":\"100\"}},{\"blockType\":2,\"blockName\":\"DrawBox\",\"blockParam\":[\"width\",\"height\",\"depth\"],\"data\":{\"width\":\"80\",\"height\":\"5\",\"depth\":\"20\"}},{\"blockType\":2,\"blockName\":\"DrawBox\",\"blockParam\":[\"width\",\"height\",\"depth\"],\"data\":{\"width\":\"5\",\"height\":\"80\",\"depth\":\"20\"}},{\"blockType\":7,\"blockName\":\"Translate\",\"blockParam\":[\"x\",\"y\",\"z\"],\"data\":{\"x\":\"-100\",\"y\":\"0\",\"z\":\"0\"}},{\"blockType\":3,\"blockName\":\"DrawSphere\",\"blockParam\":[\"radius\",\"ures\",\"vres\"],\"data\":{\"radius\":\"25\",\"ures\":\"25\",\"vres\":\"25\"}},{\"blockType\":2,\"blockName\":\"DrawBox\",\"blockParam\":[\"width\",\"height\",\"depth\"],\"data\":{\"width\":\"80\",\"height\":\"10\",\"depth\":\"10\"}},{\"blockType\":2,\"blockName\":\"DrawBox\",\"blockParam\":[\"width\",\"height\",\"depth\"],\"data\":{\"width\":\"10\",\"height\":\"80\",\"depth\":\"10\"}},{\"blockType\":7,\"blockName\":\"Translate\",\"blockParam\":[\"x\",\"y\",\"z\"],\"data\":{\"x\":\"0\",\"y\":\"-200\",\"z\":\"0\"}},{\"blockType\":3,\"blockName\":\"DrawSphere\",\"blockParam\":[\"radius\",\"ures\",\"vres\"],\"data\":{\"radius\":\"15\",\"ures\":\"15\",\"vres\":\"15\"}},{\"blockType\":2,\"blockName\":\"DrawBox\",\"blockParam\":[\"width\",\"height\",\"depth\"],\"data\":{\"width\":\"70\",\"height\":\"10\",\"depth\":\"10\"}},{\"blockType\":2,\"blockName\":\"DrawBox\",\"blockParam\":[\"width\",\"height\",\"depth\"],\"data\":{\"width\":\"10\",\"height\":\"70\",\"depth\":\"10\"}}]'),(43,11,'2015-02-08 06:41:28','N','3e4090b3a180b51e4d0113cfebc0dd89.png','[{\"blockType\":7,\"blockName\":\"Translate\",\"blockParam\":[\"x\",\"y\",\"z\"],\"data\":{\"x\":\"50\",\"y\":\"50\",\"z\":\"50\"}},{\"blockType\":15,\"blockName\":\"Color\",\"blockParam\":[\"rgb\"],\"data\":{\"rgb\":\"0x808000\"}},{\"blockType\":3,\"blockName\":\"DrawSphere\",\"blockParam\":[\"radius\",\"ures\",\"vres\"],\"data\":{\"radius\":\"20\",\"ures\":\"100\",\"vres\":\"100\"}},{\"blockType\":2,\"blockName\":\"DrawBox\",\"blockParam\":[\"width\",\"height\",\"depth\"],\"data\":{\"width\":\"80\",\"height\":\"5\",\"depth\":\"20\"}},{\"blockType\":2,\"blockName\":\"DrawBox\",\"blockParam\":[\"width\",\"height\",\"depth\"],\"data\":{\"width\":\"5\",\"height\":\"80\",\"depth\":\"20\"}}]'),(44,11,'2015-02-08 06:41:37','N','f68eb7f6d0b1cc42d8ebfb99918f3e44.png','[{\"blockType\":7,\"blockName\":\"Translate\",\"blockParam\":[\"x\",\"y\",\"z\"],\"data\":{\"x\":\"50\",\"y\":\"50\",\"z\":\"50\"}},{\"blockType\":15,\"blockName\":\"Color\",\"blockParam\":[\"rgb\"],\"data\":{\"rgb\":\"0x808000\"}},{\"blockType\":3,\"blockName\":\"DrawSphere\",\"blockParam\":[\"radius\",\"ures\",\"vres\"],\"data\":{\"radius\":\"20\",\"ures\":\"100\",\"vres\":\"100\"}},{\"blockType\":2,\"blockName\":\"DrawBox\",\"blockParam\":[\"width\",\"height\",\"depth\"],\"data\":{\"width\":\"80\",\"height\":\"5\",\"depth\":\"20\"}},{\"blockType\":2,\"blockName\":\"DrawBox\",\"blockParam\":[\"width\",\"height\",\"depth\"],\"data\":{\"width\":\"5\",\"height\":\"80\",\"depth\":\"20\"}},{\"blockType\":7,\"blockName\":\"Translate\",\"blockParam\":[\"x\",\"y\",\"z\"],\"data\":{\"x\":\"-100\",\"y\":\"0\",\"z\":\"0\"}},{\"blockType\":3,\"blockName\":\"DrawSphere\",\"blockParam\":[\"radius\",\"ures\",\"vres\"],\"data\":{\"radius\":\"25\",\"ures\":\"25\",\"vres\":\"25\"}},{\"blockType\":2,\"blockName\":\"DrawBox\",\"blockParam\":[\"width\",\"height\",\"depth\"],\"data\":{\"width\":\"80\",\"height\":\"10\",\"depth\":\"10\"}},{\"blockType\":2,\"blockName\":\"DrawBox\",\"blockParam\":[\"width\",\"height\",\"depth\"],\"data\":{\"width\":\"10\",\"height\":\"80\",\"depth\":\"10\"}}]'),(45,16,'2015-02-10 07:31:35','N','a5ba1f550b87336416257af6bb9ba0e4.png','[{\"blockType\":14,\"blockName\":\"SpotLight\",\"blockParam\":[\"rgb\",\"intensity\",\"x\",\"y\",\"z\",\"nx\",\"ny\",\"nz\",\"angle\",\"exponent\"],\"data\":{\"rgb\":\"0xebff00\",\"intensity\":\"2.0\",\"x\":\"50\",\"y\":\"50\",\"z\":\"50\",\"nx\":\"0\",\"ny\":\"0\",\"nz\":\"0\",\"angle\":\"60\",\"exponent\":\"10\"}},{\"blockType\":7,\"blockName\":\"Translate\",\"blockParam\":[\"x\",\"y\",\"z\"],\"data\":{\"x\":\"30\",\"y\":\"0\",\"z\":\"0\"}},{\"blockType\":3,\"blockName\":\"DrawSphere\",\"blockParam\":[\"radius\",\"ures\",\"vres\"],\"data\":{\"radius\":\"30\",\"ures\":\"32\",\"vres\":\"32\"}}]'),(46,16,'2015-02-10 07:32:36','N','ffd6b17916c9ffc01c8577df4843d84f.png','[{\"blockType\":14,\"blockName\":\"SpotLight\",\"blockParam\":[\"rgb\",\"intensity\",\"x\",\"y\",\"z\",\"nx\",\"ny\",\"nz\",\"angle\",\"exponent\"],\"data\":{\"rgb\":\"0xebff00\",\"intensity\":\"2.0\",\"x\":\"50\",\"y\":\"50\",\"z\":\"50\",\"nx\":\"0\",\"ny\":\"0\",\"nz\":\"0\",\"angle\":\"60\",\"exponent\":\"10\"}},{\"blockType\":7,\"blockName\":\"Translate\",\"blockParam\":[\"x\",\"y\",\"z\"],\"data\":{\"x\":\"30\",\"y\":\"0\",\"z\":\"0\"}},{\"blockType\":3,\"blockName\":\"DrawSphere\",\"blockParam\":[\"radius\",\"ures\",\"vres\"],\"data\":{\"radius\":\"30\",\"ures\":\"32\",\"vres\":\"32\"}},{\"blockType\":9,\"blockName\":\"Scale\",\"blockParam\":[\"x\",\"y\",\"z\"],\"data\":{\"x\":\"10\",\"y\":\"10\",\"z\":\"10\"}},{\"blockType\":15,\"blockName\":\"Color\",\"blockParam\":[\"rgb\"],\"data\":{\"rgb\":\"0x00ff66\"}},{\"blockType\":3,\"blockName\":\"DrawSphere\",\"blockParam\":[\"radius\",\"ures\",\"vres\"],\"data\":{\"radius\":\"5\",\"ures\":\"32\",\"vres\":\"32\"}}]'),(47,4,'2015-02-10 09:42:46','N','64ab9d014a642bbdfd043d27b2bb917d.png','[{\"blockType\":7,\"blockName\":\"Translate\",\"blockParam\":[\"x\",\"y\",\"z\"],\"data\":{\"x\":\"0\",\"y\":\"0\",\"z\":\"0\"}},{\"blockType\":10,\"blockName\":\"Perspective\",\"blockParam\":[\"fov\",\"near\",\"far\"],\"data\":{\"fov\":\"0\",\"near\":\"0\",\"far\":\"0\"}},{\"blockType\":3,\"blockName\":\"DrawSphere\",\"blockParam\":[\"radius\",\"ures\",\"vres\"],\"data\":{\"radius\":\"0\",\"ures\":\"0\",\"vres\":\"0\"}}]'),(48,18,'2015-02-10 12:16:44','N','aff9e448ac13f6ec6e4a138d1ea59b09.png','[{\"blockType\":2,\"blockName\":\"DrawBox\",\"blockParam\":[\"width\",\"height\",\"depth\"],\"data\":{\"width\":\"222\",\"height\":\"022\",\"depth\":\"22\"}}]'),(49,20,'2015-02-10 15:12:50','N','492d6dac556093474129551ea2939363.png','[{\"blockType\":2,\"blockName\":\"DrawBox\",\"blockParam\":[\"width\",\"height\",\"depth\"],\"data\":{\"width\":\"32\",\"height\":\"32\",\"depth\":\"32\"}},{\"blockType\":15,\"blockName\":\"Color\",\"blockParam\":[\"rgb\"],\"data\":{\"rgb\":\"0x00c714\"}},{\"blockType\":2,\"blockName\":\"DrawBox\",\"blockParam\":[\"width\",\"height\",\"depth\"],\"data\":{\"width\":\"32\",\"height\":\"32\",\"depth\":\"32\"}}]'),(50,22,'2015-02-11 06:37:04','N','78b9f8c914297d86b76f4c76281fdb9e.png','[{\"blockType\":14,\"blockName\":\"SpotLight\",\"blockParam\":[\"rgb\",\"intensity\",\"x\",\"y\",\"z\",\"nx\",\"ny\",\"nz\",\"angle\",\"exponent\"],\"data\":{\"rgb\":\"0x0c6e0a\",\"intensity\":\"500\",\"x\":\"500\",\"y\":\"500\",\"z\":\"500\",\"nx\":\"500\",\"ny\":\"500\",\"nz\":\"500\",\"angle\":\"90\",\"exponent\":\"500\"}},{\"blockType\":2,\"blockName\":\"DrawBox\",\"blockParam\":[\"width\",\"height\",\"depth\"],\"data\":{\"width\":\"100\",\"height\":\"100\",\"depth\":\"100\"}}]'),(51,24,'2015-02-11 06:49:40','N','32d051e871fedde1186b7152789a02ca.png','[{\"blockType\":1,\"blockName\":\"DrawLine\",\"blockParam\":[\"x1\",\"y1\",\"z1\",\"x2\",\"y2\",\"z2\"],\"data\":{\"x1\":\"23\",\"y1\":\"23\",\"z1\":\"23\",\"x2\":\"23\",\"y2\":\"23\",\"z2\":\"23\"}}]'),(52,24,'2015-02-11 06:49:47','N','d9fa76882cc427a45684afade13d97ba.png','[{\"blockType\":1,\"blockName\":\"DrawLine\",\"blockParam\":[\"x1\",\"y1\",\"z1\",\"x2\",\"y2\",\"z2\"],\"data\":{\"x1\":\"23\",\"y1\":\"23\",\"z1\":\"23\",\"x2\":\"23\",\"y2\":\"23\",\"z2\":\"23\"}}]'),(53,24,'2015-02-11 06:49:51','N','c98dd430a2bcf724fd3f337c32306058.png','[{\"blockType\":1,\"blockName\":\"DrawLine\",\"blockParam\":[\"x1\",\"y1\",\"z1\",\"x2\",\"y2\",\"z2\"],\"data\":{\"x1\":\"23\",\"y1\":\"23\",\"z1\":\"23\",\"x2\":\"23\",\"y2\":\"23\",\"z2\":\"23\"}}]'),(54,4,'2015-02-13 00:29:44','N','39af7185b7c6caebea448b2c8f687767.png','[{\"blockType\":15,\"blockName\":\"Color\",\"blockParam\":[\"rgb\"],\"data\":{\"rgb\":\"0xcf1414\"}},{\"blockType\":2,\"blockName\":\"DrawBox\",\"blockParam\":[\"width\",\"height\",\"depth\"],\"data\":{\"width\":\"40\",\"height\":\"20\",\"depth\":\"20\"}},{\"blockType\":7,\"blockName\":\"Translate\",\"blockParam\":[\"x\",\"y\",\"z\"],\"data\":{\"x\":\"0\",\"y\":\"30\",\"z\":\"0\"}},{\"blockType\":2,\"blockName\":\"DrawBox\",\"blockParam\":[\"width\",\"height\",\"depth\"],\"data\":{\"width\":\"40\",\"height\":\"20\",\"depth\":\"20\"}},{\"blockType\":7,\"blockName\":\"Translate\",\"blockParam\":[\"x\",\"y\",\"z\"],\"data\":{\"x\":\"0\",\"y\":\"30\",\"z\":\"0\"}},{\"blockType\":2,\"blockName\":\"DrawBox\",\"blockParam\":[\"width\",\"height\",\"depth\"],\"data\":{\"width\":\"40\",\"height\":\"20\",\"depth\":\"20\"}},{\"blockType\":6,\"blockName\":\"IdentityMatrix\",\"blockParam\":[],\"data\":{}},{\"blockType\":7,\"blockName\":\"Translate\",\"blockParam\":[\"x\",\"y\",\"z\"],\"data\":{\"x\":\"50\",\"y\":\"30\",\"z\":\"0\"}},{\"blockType\":15,\"blockName\":\"Color\",\"blockParam\":[\"rgb\"],\"data\":{\"rgb\":\"0xffffff\"}},{\"blockType\":2,\"blockName\":\"DrawBox\",\"blockParam\":[\"width\",\"height\",\"depth\"],\"data\":{\"width\":\"20\",\"height\":\"80\",\"depth\":\"20\"}},{\"blockType\":7,\"blockName\":\"Translate\",\"blockParam\":[\"x\",\"y\",\"z\"],\"data\":{\"x\":\"30\",\"y\":\"0\",\"z\":\"0\"}},{\"blockType\":2,\"blockName\":\"DrawBox\",\"blockParam\":[\"width\",\"height\",\"depth\"],\"data\":{\"width\":\"20\",\"height\":\"80\",\"depth\":\"20\"}},{\"blockType\":7,\"blockName\":\"Translate\",\"blockParam\":[\"x\",\"y\",\"z\"],\"data\":{\"x\":\"30\",\"y\":\"0\",\"z\":\"0\"}},{\"blockType\":2,\"blockName\":\"DrawBox\",\"blockParam\":[\"width\",\"height\",\"depth\"],\"data\":{\"width\":\"20\",\"height\":\"80\",\"depth\":\"20\"}},{\"blockType\":6,\"blockName\":\"IdentityMatrix\",\"blockParam\":[],\"data\":{}},{\"blockType\":7,\"blockName\":\"Translate\",\"blockParam\":[\"x\",\"y\",\"z\"],\"data\":{\"x\":\"-50\",\"y\":\"0\",\"z\":\"0\"}},{\"blockType\":2,\"blockName\":\"DrawBox\",\"blockParam\":[\"width\",\"height\",\"depth\"],\"data\":{\"width\":\"40\",\"height\":\"20\",\"depth\":\"20\"}},{\"blockType\":7,\"blockName\":\"Translate\",\"blockParam\":[\"x\",\"y\",\"z\"],\"data\":{\"x\":\"0\",\"y\":\"30\",\"z\":\"0\"}},{\"blockType\":2,\"blockName\":\"DrawBox\",\"blockParam\":[\"width\",\"height\",\"depth\"],\"data\":{\"width\":\"40\",\"height\":\"20\",\"depth\":\"20\"}},{\"blockType\":7,\"blockName\":\"Translate\",\"blockParam\":[\"x\",\"y\",\"z\"],\"data\":{\"x\":\"0\",\"y\":\"30\",\"z\":\"0\"}},{\"blockType\":2,\"blockName\":\"DrawBox\",\"blockParam\":[\"width\",\"height\",\"depth\"],\"data\":{\"width\":\"40\",\"height\":\"20\",\"depth\":\"20\"}}]'),(55,4,'2015-02-13 01:17:57','N','44022bee3f322c49b423eeb14c4310e9.png','[{\"blockType\":14,\"blockName\":\"SpotLight\",\"blockParam\":[\"rgb\",\"intensity\",\"x\",\"y\",\"z\",\"nx\",\"ny\",\"nz\",\"angle\",\"exponent\"],\"data\":{\"rgb\":\"0xd1d1d1\",\"intensity\":\"1.0\",\"x\":\"100\",\"y\":\"100\",\"z\":\"100\",\"nx\":\"-1\",\"ny\":\"-1\",\"nz\":\"-1\",\"angle\":\"60\",\"exponent\":\"15\"}},{\"blockType\":8,\"blockName\":\"Rotate\",\"blockParam\":[\"theta\",\"x\",\"y\",\"z\"],\"data\":{\"theta\":\"45\",\"x\":\"0\",\"y\":\"1\",\"z\":\"0\"}},{\"blockType\":2,\"blockName\":\"DrawBox\",\"blockParam\":[\"width\",\"height\",\"depth\"],\"data\":{\"width\":\"100\",\"height\":\"100\",\"depth\":\"100\"}},{\"blockType\":15,\"blockName\":\"Color\",\"blockParam\":[\"rgb\"],\"data\":{\"rgb\":\"0xff0000\"}},{\"blockType\":7,\"blockName\":\"Translate\",\"blockParam\":[\"x\",\"y\",\"z\"],\"data\":{\"x\":\"0\",\"y\":\"50\",\"z\":\"0\"}},{\"blockType\":4,\"blockName\":\"PushMatrix\",\"blockParam\":[],\"data\":{}},{\"blockType\":8,\"blockName\":\"Rotate\",\"blockParam\":[\"theta\",\"x\",\"y\",\"z\"],\"data\":{\"theta\":\"45\",\"x\":\"0\",\"y\":\"1\",\"z\":\"0\"}},{\"blockType\":2,\"blockName\":\"DrawBox\",\"blockParam\":[\"width\",\"height\",\"depth\"],\"data\":{\"width\":\"100\",\"height\":\"1\",\"depth\":\"25\"}}]'),(56,4,'2015-02-13 01:21:55','N','b08d3f089bfb59a6980ef75207e34106.png','[{\"blockType\":14,\"blockName\":\"SpotLight\",\"blockParam\":[\"rgb\",\"intensity\",\"x\",\"y\",\"z\",\"nx\",\"ny\",\"nz\",\"angle\",\"exponent\"],\"data\":{\"rgb\":\"0xd1d1d1\",\"intensity\":\"1.0\",\"x\":\"100\",\"y\":\"100\",\"z\":\"100\",\"nx\":\"-1\",\"ny\":\"-1\",\"nz\":\"-1\",\"angle\":\"60\",\"exponent\":\"15\"}},{\"blockType\":8,\"blockName\":\"Rotate\",\"blockParam\":[\"theta\",\"x\",\"y\",\"z\"],\"data\":{\"theta\":\"90\",\"x\":\"0\",\"y\":\"1\",\"z\":\"0\"}},{\"blockType\":2,\"blockName\":\"DrawBox\",\"blockParam\":[\"width\",\"height\",\"depth\"],\"data\":{\"width\":\"100\",\"height\":\"100\",\"depth\":\"100\"}},{\"blockType\":15,\"blockName\":\"Color\",\"blockParam\":[\"rgb\"],\"data\":{\"rgb\":\"0xff0000\"}},{\"blockType\":7,\"blockName\":\"Translate\",\"blockParam\":[\"x\",\"y\",\"z\"],\"data\":{\"x\":\"0\",\"y\":\"50\",\"z\":\"0\"}},{\"blockType\":2,\"blockName\":\"DrawBox\",\"blockParam\":[\"width\",\"height\",\"depth\"],\"data\":{\"width\":\"100\",\"height\":\"1\",\"depth\":\"30\"}},{\"blockType\":4,\"blockName\":\"PushMatrix\",\"blockParam\":[],\"data\":{}},{\"blockType\":7,\"blockName\":\"Translate\",\"blockParam\":[\"x\",\"y\",\"z\"],\"data\":{\"x\":\"0\",\"y\":\"0\",\"z\":\"-35\"}},{\"blockType\":2,\"blockName\":\"DrawBox\",\"blockParam\":[\"width\",\"height\",\"depth\"],\"data\":{\"width\":\"100\",\"height\":\"1\",\"depth\":\"30\"}},{\"blockType\":5,\"blockName\":\"PopMatrix\",\"blockParam\":[],\"data\":{}},{\"blockType\":7,\"blockName\":\"Translate\",\"blockParam\":[\"x\",\"y\",\"z\"],\"data\":{\"x\":\"0\",\"y\":\"0\",\"z\":\"35\"}},{\"blockType\":2,\"blockName\":\"DrawBox\",\"blockParam\":[\"width\",\"height\",\"depth\"],\"data\":{\"width\":\"100\",\"height\":\"1\",\"depth\":\"30\"}}]'),(57,4,'2015-02-13 01:40:11','N','93064485d549f2c8eb1f704fc7b5ae33.png','[{\"blockType\":14,\"blockName\":\"SpotLight\",\"blockParam\":[\"rgb\",\"intensity\",\"x\",\"y\",\"z\",\"nx\",\"ny\",\"nz\",\"angle\",\"exponent\"],\"data\":{\"rgb\":\"0xd1d1d1\",\"intensity\":\"1.0\",\"x\":\"100\",\"y\":\"100\",\"z\":\"100\",\"nx\":\"-1\",\"ny\":\"-1\",\"nz\":\"-1\",\"angle\":\"60\",\"exponent\":\"15\"}},{\"blockType\":8,\"blockName\":\"Rotate\",\"blockParam\":[\"theta\",\"x\",\"y\",\"z\"],\"data\":{\"theta\":\"-45\",\"x\":\"0\",\"y\":\"1\",\"z\":\"0\"}},{\"blockType\":2,\"blockName\":\"DrawBox\",\"blockParam\":[\"width\",\"height\",\"depth\"],\"data\":{\"width\":\"100\",\"height\":\"100\",\"depth\":\"100\"}},{\"blockType\":15,\"blockName\":\"Color\",\"blockParam\":[\"rgb\"],\"data\":{\"rgb\":\"0xff0000\"}},{\"blockType\":7,\"blockName\":\"Translate\",\"blockParam\":[\"x\",\"y\",\"z\"],\"data\":{\"x\":\"0\",\"y\":\"50\",\"z\":\"0\"}},{\"blockType\":2,\"blockName\":\"DrawBox\",\"blockParam\":[\"width\",\"height\",\"depth\"],\"data\":{\"width\":\"100\",\"height\":\"1\",\"depth\":\"30\"}},{\"blockType\":4,\"blockName\":\"PushMatrix\",\"blockParam\":[],\"data\":{}},{\"blockType\":7,\"blockName\":\"Translate\",\"blockParam\":[\"x\",\"y\",\"z\"],\"data\":{\"x\":\"0\",\"y\":\"0\",\"z\":\"-35\"}},{\"blockType\":2,\"blockName\":\"DrawBox\",\"blockParam\":[\"width\",\"height\",\"depth\"],\"data\":{\"width\":\"100\",\"height\":\"1\",\"depth\":\"30\"}},{\"blockType\":5,\"blockName\":\"PopMatrix\",\"blockParam\":[],\"data\":{}},{\"blockType\":7,\"blockName\":\"Translate\",\"blockParam\":[\"x\",\"y\",\"z\"],\"data\":{\"x\":\"0\",\"y\":\"0\",\"z\":\"35\"}},{\"blockType\":2,\"blockName\":\"DrawBox\",\"blockParam\":[\"width\",\"height\",\"depth\"],\"data\":{\"width\":\"100\",\"height\":\"1\",\"depth\":\"30\"}},{\"blockType\":15,\"blockName\":\"Color\",\"blockParam\":[\"rgb\"],\"data\":{\"rgb\":\"0x999999\"}},{\"blockType\":7,\"blockName\":\"Translate\",\"blockParam\":[\"x\",\"y\",\"z\"],\"data\":{\"x\":\"0\",\"y\":\"-50\",\"z\":\"15\"}},{\"blockType\":2,\"blockName\":\"DrawBox\",\"blockParam\":[\"width\",\"height\",\"depth\"],\"data\":{\"width\":\"30\",\"height\":\"100\",\"depth\":\"1\"}},{\"blockType\":4,\"blockName\":\"PushMatrix\",\"blockParam\":[],\"data\":{}},{\"blockType\":7,\"blockName\":\"Translate\",\"blockParam\":[\"x\",\"y\",\"z\"],\"data\":{\"x\":\"-35\",\"y\":\"0\",\"z\":\"0\"}},{\"blockType\":2,\"blockName\":\"DrawBox\",\"blockParam\":[\"width\",\"height\",\"depth\"],\"data\":{\"width\":\"30\",\"height\":\"100\",\"depth\":\"1\"}},{\"blockType\":5,\"blockName\":\"PopMatrix\",\"blockParam\":[],\"data\":{}},{\"blockType\":7,\"blockName\":\"Translate\",\"blockParam\":[\"x\",\"y\",\"z\"],\"data\":{\"x\":\"35\",\"y\":\"0\",\"z\":\"0\"}},{\"blockType\":2,\"blockName\":\"DrawBox\",\"blockParam\":[\"width\",\"height\",\"depth\"],\"data\":{\"width\":\"30\",\"height\":\"100\",\"depth\":\"1\"}}]'),(58,35,'2015-02-13 02:32:58','N','582562a39073154f1365a985fadca6c0.png','[{\"blockType\":2,\"blockName\":\"DrawBox\",\"blockParam\":[\"width\",\"height\",\"depth\"],\"data\":{\"width\":\"10\",\"height\":\"20\",\"depth\":\"30\"}}]'),(59,35,'2015-02-13 02:33:17','N','c110649f9898ecfbd37fb2fcb56c7038.png','[{\"blockType\":2,\"blockName\":\"DrawBox\",\"blockParam\":[\"width\",\"height\",\"depth\"],\"data\":{\"width\":\"10\",\"height\":\"20\",\"depth\":\"30\"}},{\"blockType\":3,\"blockName\":\"DrawSphere\",\"blockParam\":[\"radius\",\"ures\",\"vres\"],\"data\":{\"radius\":\"100\",\"ures\":\"100\",\"vres\":\"100\"}}]');
/*!40000 ALTER TABLE `galleryInfo` ENABLE KEYS */;
UNLOCK TABLES;

--
-- Table structure for table `memberInfo`
--

DROP TABLE IF EXISTS `memberInfo`;
/*!40101 SET @saved_cs_client     = @@character_set_client */;
/*!40101 SET character_set_client = utf8 */;
CREATE TABLE `memberInfo` (
  `seq` int(11) NOT NULL AUTO_INCREMENT,
  `userid` char(50) NOT NULL,
  `userpwd` char(128) NOT NULL,
  `regdate` datetime NOT NULL,
  `guideClear` char(1) DEFAULT 'N',
  PRIMARY KEY (`seq`)
) ENGINE=InnoDB AUTO_INCREMENT=49 DEFAULT CHARSET=utf8;
/*!40101 SET character_set_client = @saved_cs_client */;

--
-- Dumping data for table `memberInfo`
--

LOCK TABLES `memberInfo` WRITE;
/*!40000 ALTER TABLE `memberInfo` DISABLE KEYS */;
INSERT INTO `memberInfo` VALUES (4,'test','d404559f602eab6fd602ac7680dacbfaadd13630335e951f097af3900e9de176b6db28512f2e000b9d04fba5133e8b1c6e8df59db3a8ab9d60be4b97cc9e81db','2015-01-26 02:23:18','Y'),(5,'jangjunho7','2c438800b1837ad2561f0013da0e150e558f68fae5bc533d26e5580d0ba4ff1549be2904328f6c9a399a01df9fc336041d011e4e7568cede9ec02dd30ced265c','2015-02-03 15:50:02','N'),(11,'jangjunho1','2c438800b1837ad2561f0013da0e150e558f68fae5bc533d26e5580d0ba4ff1549be2904328f6c9a399a01df9fc336041d011e4e7568cede9ec02dd30ced265c','2015-02-08 03:46:44','Y'),(12,'oopsorg','d404559f602eab6fd602ac7680dacbfaadd13630335e951f097af3900e9de176b6db28512f2e000b9d04fba5133e8b1c6e8df59db3a8ab9d60be4b97cc9e81db','2015-02-10 04:59:11','N'),(13,'pp11','74a49c698dbd3c12e36b0b287447d833f74f3937ff132ebff7054baa18623c35a705bb18b82e2ac0384b5127db97016e63609f712bc90e3506cfbea97599f46f','2015-02-10 05:03:53','N'),(14,'qqqq111','33275a8aa48ea918bd53a9181aa975f15ab0d0645398f5918a006d08675c1cb27d5c645dbd084eee56e675e25ba4019f2ecea37ca9e2995b49fcb12c096a032e','2015-02-10 05:05:15','N'),(15,'testId1234','d404559f602eab6fd602ac7680dacbfaadd13630335e951f097af3900e9de176b6db28512f2e000b9d04fba5133e8b1c6e8df59db3a8ab9d60be4b97cc9e81db','2015-02-10 05:38:33','N'),(16,'ssm111','fb131bc57a477c8c9d068f1ee5622ac304195a77164ccc2d75d82dfe1a727ba8d674ed87f96143b2b416aacefb555e3045c356faa23e6d21de72b85822e39fdd','2015-02-10 07:19:49','Y'),(17,'asdf','d404559f602eab6fd602ac7680dacbfaadd13630335e951f097af3900e9de176b6db28512f2e000b9d04fba5133e8b1c6e8df59db3a8ab9d60be4b97cc9e81db','2015-02-10 08:10:00','Y'),(18,'orthogonal','2c438800b1837ad2561f0013da0e150e558f68fae5bc533d26e5580d0ba4ff1549be2904328f6c9a399a01df9fc336041d011e4e7568cede9ec02dd30ced265c','2015-02-10 08:39:32','Y'),(19,'test1234','d404559f602eab6fd602ac7680dacbfaadd13630335e951f097af3900e9de176b6db28512f2e000b9d04fba5133e8b1c6e8df59db3a8ab9d60be4b97cc9e81db','2015-02-10 09:02:51','Y'),(20,'test333','5e3155774d39d97c5f9e17c108c2b3e0485a43ae34ebd196f61a6f8bf732ef71a49e5710594cfc7391db114edf99f5da3ed96ef1d6ca5e598e85f91bd41e7eeb','2015-02-10 15:09:47','Y'),(21,'seiltest','d404559f602eab6fd602ac7680dacbfaadd13630335e951f097af3900e9de176b6db28512f2e000b9d04fba5133e8b1c6e8df59db3a8ab9d60be4b97cc9e81db','2015-02-11 06:14:30','Y'),(22,'heehee','d87b0f6f2e33173f1e168edfbb6c741ec96aa28caa09895de8b2e8fec05351c30abe207573e408ff4a36c6d55debb877ad9a95a3ce91dae313d186f25196e1bc','2015-02-11 06:15:35','Y'),(23,'asdasd0219','d8e0a85d197bbd49b2c4586c3e6e29dcdfa203b80c4d3480a4f48f0aeefd87ce3261e56bae531551d6eb007afd221a16df4447d1d4882c846a144754d16b8431','2015-02-11 06:16:23','Y'),(24,'jihoon0630','91dbf6617715c39a9a134c36b6e8909f0cbc9892cb858b21b4cf7a0b654522cc1a6e2c91c9edfea32e2bb419de96e66579f9c13eba294a02926dc25b034fb114','2015-02-11 06:18:26','Y'),(25,'wkdwls1029','d404559f602eab6fd602ac7680dacbfaadd13630335e951f097af3900e9de176b6db28512f2e000b9d04fba5133e8b1c6e8df59db3a8ab9d60be4b97cc9e81db','2015-02-11 06:30:43','Y'),(26,'1234','d404559f602eab6fd602ac7680dacbfaadd13630335e951f097af3900e9de176b6db28512f2e000b9d04fba5133e8b1c6e8df59db3a8ab9d60be4b97cc9e81db','2015-02-11 06:31:27','Y'),(27,'','48fb10b15f3d44a09dc82d02b06581e0c0c69478c9fd2cf8f9093659019a1687baecdbb38c9e72b12169dc4148690f87467f9154f5931c5df665c6496cbfd5f5','2015-02-11 06:51:13','N'),(28,'#include','4ce18085d50ac35207a3e167aafb7cfb42ada855a377bb3c19e0cc0ac55f0d72c862deb698ce7f68411ffb916489cb4563c1c4fbaab9c5fde46de9475713cb8a','2015-02-11 07:02:56','N'),(29,'<iframe width=\"560\" height=\"315\" src=\"https://www.','2c438800b1837ad2561f0013da0e150e558f68fae5bc533d26e5580d0ba4ff1549be2904328f6c9a399a01df9fc336041d011e4e7568cede9ec02dd30ced265c','2015-02-11 07:04:10','N'),(30,'<xmp>','2c438800b1837ad2561f0013da0e150e558f68fae5bc533d26e5580d0ba4ff1549be2904328f6c9a399a01df9fc336041d011e4e7568cede9ec02dd30ced265c','2015-02-11 07:05:10','Y'),(31,'pre','fb131bc57a477c8c9d068f1ee5622ac304195a77164ccc2d75d82dfe1a727ba8d674ed87f96143b2b416aacefb555e3045c356faa23e6d21de72b85822e39fdd','2015-02-11 07:11:28','N'),(32,'qwer','ce57d8bc990447c7ec35557040756db2a9ff7cdab53911f3c7995bc6bf3572cda8c94fa53789e523a680de9921c067f6717e79426df467185fc7a6dbec4b2d57','2015-02-11 14:22:36','Y'),(33,'test9999','d404559f602eab6fd602ac7680dacbfaadd13630335e951f097af3900e9de176b6db28512f2e000b9d04fba5133e8b1c6e8df59db3a8ab9d60be4b97cc9e81db','2015-02-12 12:26:39','Y'),(34,'test99999','d404559f602eab6fd602ac7680dacbfaadd13630335e951f097af3900e9de176b6db28512f2e000b9d04fba5133e8b1c6e8df59db3a8ab9d60be4b97cc9e81db','2015-02-13 00:36:05','Y'),(35,'secmem','2c438800b1837ad2561f0013da0e150e558f68fae5bc533d26e5580d0ba4ff1549be2904328f6c9a399a01df9fc336041d011e4e7568cede9ec02dd30ced265c','2015-02-13 02:26:03','Y'),(36,'a','1b86355f13a7f0b90c8b6053c0254399994dfbb3843e08d603e292ca13b8f672ed5e58791c10f3e36daec9699cc2fbdc88b4fe116efa7fce016938b787043818','2015-02-13 02:26:20','Y'),(37,'lim','d404559f602eab6fd602ac7680dacbfaadd13630335e951f097af3900e9de176b6db28512f2e000b9d04fba5133e8b1c6e8df59db3a8ab9d60be4b97cc9e81db','2015-02-13 02:26:44','Y'),(38,'jdu35man','d404559f602eab6fd602ac7680dacbfaadd13630335e951f097af3900e9de176b6db28512f2e000b9d04fba5133e8b1c6e8df59db3a8ab9d60be4b97cc9e81db','2015-02-13 02:27:12','Y'),(39,'hyoyeol','d404559f602eab6fd602ac7680dacbfaadd13630335e951f097af3900e9de176b6db28512f2e000b9d04fba5133e8b1c6e8df59db3a8ab9d60be4b97cc9e81db','2015-02-13 02:27:17','Y'),(40,'ysp2992','bdb26e90da36507aaa2a0eb0d250dbb4dcd35d1fdb6542fc0eea847a536b31599e3015c981cbc2a0ccb65fc36fde01a41a4d1aeea658f371c571e573bbf53c81','2015-02-13 02:28:17','Y'),(41,'test123','4ce18085d50ac35207a3e167aafb7cfb42ada855a377bb3c19e0cc0ac55f0d72c862deb698ce7f68411ffb916489cb4563c1c4fbaab9c5fde46de9475713cb8a','2015-02-13 02:28:31','Y'),(42,'aa','f6c5600ed1dbdcfdf829081f5417dccbbd2b9288e0b427e65c8cf67e274b69009cd142475e15304f599f429f260a661b5df4de26746459a3cef7f32006e5d1c1','2015-02-13 02:30:13','Y'),(43,'testman','dd01edffe41ccbb74a2cc14a7aa62526b03dd0b3d997f1e4989ed34a53c57d16d303f3e675fa27b69ac23f38b136d4362d2e0fae1e666c7ca4e1ccedb6384e52','2015-02-13 02:39:10','Y'),(44,'mystyle_me','401b09eab3c013d4ca54922bb802bec8fd5318192b0a75f201d8b3727429080fb337591abd3e44453b954555b7a0812e1081c39b740293f765eae731f5a65ed1','2015-02-13 02:40:29','Y'),(45,'kingstone','f642c2889ce269f14735f771046fc281a262f0c9a124a5789a6de3599bd6c2e56a839ee3091d2cec94899aff24a0f8c17f2550ab215f9cf0cc4920c8f4680d5f','2015-02-13 02:42:54','Y'),(46,'abcdefg','d8022f2060ad6efd297ab73dcc5355c9b214054b0d1776a136a669d26a7d3b14f73aa0d0ebff19ee333368f0164b6419a96da49e3e481753e7e96b716bdccb6f','2015-02-13 02:44:06','Y'),(47,'leejieun0531@hanmail.com','0f0eaf21495dda6faf9d87f0c367507c6dfee5d1321638c2ab95e8a326ce43aec4b8163311700da746856b0e6f931f09b33784fa11a89950cb6bd4e855f73cd9','2015-02-13 11:15:09','N'),(48,'leejieun0531@gmail.com','0f0eaf21495dda6faf9d87f0c367507c6dfee5d1321638c2ab95e8a326ce43aec4b8163311700da746856b0e6f931f09b33784fa11a89950cb6bd4e855f73cd9','2015-02-13 11:18:22','Y');
/*!40000 ALTER TABLE `memberInfo` ENABLE KEYS */;
UNLOCK TABLES;

--
-- Table structure for table `qnaBoard`
--

DROP TABLE IF EXISTS `qnaBoard`;
/*!40101 SET @saved_cs_client     = @@character_set_client */;
/*!40101 SET character_set_client = utf8 */;
CREATE TABLE `qnaBoard` (
  `seq` int(11) NOT NULL AUTO_INCREMENT,
  `tutorialSeq` int(11) NOT NULL,
  `memberSeq` int(11) NOT NULL,
  `content` text NOT NULL,
  `parentSeq` int(11) NOT NULL DEFAULT '-1',
  `regdate` datetime NOT NULL,
  PRIMARY KEY (`seq`),
  KEY `tutorialSeq` (`tutorialSeq`),
  KEY `memberSeq` (`memberSeq`),
  CONSTRAINT `qnaBoard_ibfk_1` FOREIGN KEY (`tutorialSeq`) REFERENCES `tutorialInfo` (`seq`),
  CONSTRAINT `qnaBoard_ibfk_2` FOREIGN KEY (`memberSeq`) REFERENCES `memberInfo` (`seq`)
) ENGINE=InnoDB AUTO_INCREMENT=91 DEFAULT CHARSET=utf8;
/*!40101 SET character_set_client = @saved_cs_client */;

--
-- Dumping data for table `qnaBoard`
--

LOCK TABLES `qnaBoard` WRITE;
/*!40000 ALTER TABLE `qnaBoard` DISABLE KEYS */;
INSERT INTO `qnaBoard` VALUES (1,1,4,'',1,'2015-01-28 00:48:35'),(2,1,4,'',2,'2015-01-28 00:49:13'),(3,1,4,'',3,'2015-01-28 00:49:56'),(4,1,4,'',2,'2015-01-28 00:50:24'),(5,1,4,'',2,'2015-01-28 00:51:50'),(6,1,4,'',6,'2015-01-28 01:17:42'),(7,1,4,'',6,'2015-01-28 01:17:57'),(8,1,4,'',6,'2015-01-28 02:12:41'),(9,1,4,'12412321321312',9,'2015-01-29 00:02:49'),(10,1,4,'#1   ',1,'2015-01-29 00:03:58'),(11,1,4,'test123124123413',9,'2015-01-29 00:11:07'),(12,1,4,'12312312321312312312',12,'2015-01-29 00:28:36'),(13,1,4,'12312312321312312312312312',13,'2015-01-29 00:28:40'),(14,1,4,'12312312321312312312312312',14,'2015-01-29 00:28:41'),(15,1,4,'12312312321312312312312312',15,'2015-01-29 00:28:42'),(16,1,4,'12312312321312312312312312',16,'2015-01-29 00:28:43'),(17,1,4,'12312312321312312312312312',17,'2015-01-29 00:28:44'),(18,1,4,'12312312321312312312312312',18,'2015-01-29 00:28:45'),(19,1,4,'12312312321312312312312312',19,'2015-01-29 00:28:46'),(20,1,4,'12312312321312312312312312',20,'2015-01-29 00:28:47'),(21,1,4,'12312312321312312312312312',21,'2015-01-29 00:28:47'),(22,1,4,'12312312321312312312312312',22,'2015-01-29 00:28:48'),(23,1,4,'12312312321312312312312312',23,'2015-01-29 00:28:49'),(24,1,4,'12312312321312312312312312',24,'2015-01-29 00:28:50'),(25,1,4,'12312312321312312312312312',25,'2015-01-29 00:28:51'),(26,1,4,'12312312321312312312312312',26,'2015-01-29 00:28:52'),(27,1,4,'12312312321312312312312312',27,'2015-01-29 00:39:38'),(28,1,4,'12312312321312312312312312',28,'2015-01-29 00:39:39'),(29,1,4,'12312312321312312312312312',29,'2015-01-29 00:39:40'),(30,1,4,'12312312321312312312312312',30,'2015-01-29 00:39:41'),(31,1,4,'12312312321312312312312312',31,'2015-01-29 00:39:42'),(32,1,4,'12312312321312312312312312',32,'2015-01-29 00:39:43'),(33,1,4,'12312312321312312312312312',33,'2015-01-29 00:39:44'),(34,1,4,'12312312321312312312312312',34,'2015-01-29 00:39:45'),(35,1,4,'12312312321312312312312312',35,'2015-01-29 00:39:46'),(36,1,4,'12312312321312312312312312',36,'2015-01-29 00:39:47'),(37,1,4,'12312312321312312312312312',37,'2015-01-29 00:39:48'),(38,1,4,'12312312321312312312312312',38,'2015-01-29 00:39:49'),(39,1,4,'12312312321312312312312312',39,'2015-01-29 00:39:49'),(40,1,4,'12312312321312312312312312',40,'2015-01-29 00:39:50'),(41,1,4,'12312312321312312312312312',41,'2015-01-29 00:39:51'),(42,1,4,'12312312321312312312312312',42,'2015-01-29 00:39:51'),(43,1,4,'12312312321312312312312312',43,'2015-01-29 00:39:52'),(44,1,4,'12312312321312312312312312',44,'2015-01-29 00:39:53'),(45,1,4,'12312312321312312312312312',45,'2015-01-29 00:39:53'),(46,1,4,'12312312321312312312312312',46,'2015-01-29 00:39:54'),(50,6,4,'1231232',50,'2015-02-02 14:53:28'),(51,3,4,'Ttttt',51,'2015-02-02 16:58:53'),(52,1,5,'Zzzzzzzzz',52,'2015-02-03 16:02:40'),(53,1,5,'Fdrt',52,'2015-02-03 16:02:52'),(55,1,4,'asdfasdfsd',52,'2015-02-03 11:08:59'),(56,1,4,'asdfsadfsdafsdf',52,'2015-02-03 11:09:29'),(57,1,4,'asdfsadfasdfsdagsdgsdag',52,'2015-02-03 11:09:45'),(58,1,4,'timestamp \n04:15',58,'2015-02-03 11:14:49'),(59,2,4,'asdfasdf',59,'2015-02-03 18:31:53'),(60,2,4,'dfdf',59,'2015-02-03 18:31:59'),(61,6,4,'  ?',61,'2015-02-03 19:31:47'),(62,6,4,'  ',61,'2015-02-03 19:31:55'),(63,1,4,'11123123',63,'2015-02-09 00:11:55'),(64,1,4,' ',64,'2015-02-09 00:16:20'),(65,1,4,' ',65,'2015-02-09 08:16:42'),(66,1,4,'343242',66,'2015-02-09 08:22:05'),(67,1,4,'<html> z',67,'2015-02-09 08:32:58'),(68,3,4,'  12341231241224',68,'2015-02-10 05:43:00'),(69,3,4,' ',68,'2015-02-10 05:43:11'),(70,1,16,'  1234',70,'2015-02-10 07:22:23'),(71,1,4,'12312312',71,'2015-02-10 07:33:33'),(72,1,4,'',72,'2015-02-10 07:42:58'),(73,1,16,'123123',73,'2015-02-10 07:55:01'),(74,1,16,'11111',73,'2015-02-10 07:55:22'),(75,5,16,'',75,'2015-02-10 07:56:26'),(76,5,16,'asdfasdfasdf',76,'2015-02-10 08:01:06'),(77,1,11,'<iframe width=\"560\" height=\"315\" src=\"https://www.youtube.com/embed/kYtGl1dX5qI\" frameborder=\"0\" allowfullscreen></iframe>',77,'2015-02-10 08:28:58'),(78,1,11,'<a href = \"https://www.youtube.com/embed/kYtGl1dX5qI\">test</a>',78,'2015-02-10 08:29:37'),(79,5,4,'sfasdfsda',79,'2015-02-10 08:31:21'),(80,1,11,'union select null',80,'2015-02-10 08:33:02'),(81,1,11,'<iframe width=\"560\" height=\"315\" src=\"https://www.youtube.com/embed/kYtGl1dX5qI\" frameborder=\"0\" allowfullscreen></iframe>',80,'2015-02-10 08:33:52'),(84,8,20,'sfdsfsdsdf',84,'2015-02-10 16:18:11'),(85,8,20,'11233',84,'2015-02-10 16:19:07'),(86,2,23,' ',86,'2015-02-11 06:19:06'),(87,5,25,'^^',87,'2015-02-11 06:47:37'),(88,1,30,'ddadfsf',88,'2015-02-11 07:06:04'),(89,1,30,'qwwww',88,'2015-02-11 07:06:15'),(90,1,30,'<xmp>',90,'2015-02-11 07:06:24');
/*!40000 ALTER TABLE `qnaBoard` ENABLE KEYS */;
UNLOCK TABLES;

--
-- Table structure for table `tutorialInfo`
--

DROP TABLE IF EXISTS `tutorialInfo`;
/*!40101 SET @saved_cs_client     = @@character_set_client */;
/*!40101 SET character_set_client = utf8 */;
CREATE TABLE `tutorialInfo` (
  `seq` int(11) NOT NULL AUTO_INCREMENT,
  `title` char(255) NOT NULL,
  `guide_content` text NOT NULL,
  `practice_content` text NOT NULL,
  `available_block` text NOT NULL,
  `extrainfo` text NOT NULL,
  `chapterSeq` int(11) DEFAULT NULL,
  `problemSeq` int(11) DEFAULT NULL,
  `js_filename` char(200) DEFAULT NULL,
  PRIMARY KEY (`seq`),
  KEY `chapterSeq_idx` (`chapterSeq`),
  CONSTRAINT `chapterSeq` FOREIGN KEY (`chapterSeq`) REFERENCES `chapterInfo` (`seq`) ON DELETE CASCADE ON UPDATE CASCADE
) ENGINE=InnoDB AUTO_INCREMENT=17 DEFAULT CHARSET=utf8;
/*!40101 SET character_set_client = @saved_cs_client */;

--
-- Dumping data for table `tutorialInfo`
--

LOCK TABLES `tutorialInfo` WRITE;
/*!40000 ALTER TABLE `tutorialInfo` DISABLE KEYS */;
INSERT INTO `tutorialInfo` VALUES (1,'','','','3,3,3','{\"points\":[{\"x\":0,\"y\":0},{\"x\":3,\"y\":2},{\"x\":2,\"y\":1}]}',1,1,'point.js'),(2,'','','','1,2,3,3,3','{\"startpoint\":{\"x\":-4,\"y\":0},\"distance\":5}',1,2,'line.js'),(3,'-',' ',' ','1,2,3,3,3','{\"startpoint\":{\"x\":-2,\"y\":0},\"seq\":[{\"x\":2,\"y\":0},{\"x\":0,\"y\":4}]}',1,3,'triangle.js'),(4,'-',' ',' ','1,2,3,3,3,3','{\"startpoint\":{\"x\":-2,\"y\":2},\"seq\":[{\"x\":-2,\"y\":-2},{\"x\":2,\"y\":-2},{\"x\":2,\"y\":2}]}',1,4,'rectangle.js'),(5,'LowAPI-',' ',' ','1,2,1,2,4,4,4,4,4,4,4,4','{\"startpoint\":[{\"x\":-2,\"y\":2,\"z\":2}, {\"x\":-2,\"y\":-2,\"z\":2}]}',2,1,'3d.low.box.js'),(6,'HighAPI-','  ','  ','6','{\"startpoint\":{\"x\":0,\"y\":0,\"z\":0},\"size\":3}',2,2,'3d.high.box.js'),(7,'HighAPI-Sphere','',' ','7','{\"Lo\":30,\"La\":30,\"R\":3}',2,3,'3d.high.sphere.js'),(8,'Translate 3D','',' ','6,6,6,10,10,10,20','{\"seq\":[{\"bType\":6,\"info\":{\"x\":0,\"y\":0,\"z\":0,\"size\":1}},{\"bType\":10,\"info\":{\"x\":3,\"y\":0,\"z\":0}},{\"bType\":6,\"info\":{\"x\":0,\"y\":0,\"z\":0,\"size\":2}},{\"bType\":20},{\"bType\":10,\"info\":{\"x\":-3,\"y\":0,\"z\":0}},{\"bType\":10,\"info\":{\"x\":0,\"y\":3,\"z\":0}},{\"bType\":6,\"info\":{\"x\":0,\"y\":-1,\"z\":0,\"size\":1}}]}',2,4,'3d.translate.js'),(9,'Rotate 3D','',' ','6,11,10,20','{\"seq\":[{\"bType\":20},{\"bType\":10,\"info\":{\"x\":3,\"y\":0,\"z\":0}},{\"bType\":11,\"info\":{\"t\":45,\"x\":0,\"y\":1,\"z\":0}},{\"bType\":6,\"info\":{\"x\":3,\"y\":0,\"z\":0,\"size\":1}}]}',2,5,'3d.rotate.js'),(10,'Scale 3D',' ',' ','6,12,10','{\"seq\":[{\"bType\":12,\"info\":{ \"x\":3,\"y\":0,\"z\":0}},{\"bType\":6,\"info\":{\"x\":2,\"y\":0,\"z\":0,\"size\":1}}]}',2,6,'3d.scale.js'),(11,'Push Pop',' ','  ','8,8,9,9,6,6,6,10,10,10','{\"seq\":[{\"bType\":8},{\"bType\":10,\"info\":{\"x\":3,\"y\":0,\"z\":0}},{\"bType\":6,\"info\":{\"x\":0,\"y\":0,\"z\":0,\"size\":1}},{\"bType\":8},{\"bType\":10,\"info\":{\"x\":3,\"y\":0,\"z\":0}},{\"bType\":6,\"info\":{\"x\":0,\"y\":0,\"z\":0,\"size\":2}},{\"bType\":9},{\"bType\":10,\"info\":{\"x\":0,\"y\":0,\"z\":-5}},{\"bType\":6,\"info\":{\"x\":0,\"y\":0,\"z\":0,\"size\":3}},{\"bType\":9}]}',2,7,'3d.pushpop.js'),(12,'Camera-Persepective','-perspective','','6,13','{\"objs\":[{\"x\":2,\"y\":1,\"z\":1,\"size\":1}], \"pers\":{\"fov\":30,\"near\":8,\"far\":15}}',3,1,'3d.camera.perspective.js'),(13,'Camera-Orthographic','-Orthographic','2','6,14','{\"objs\":[{\"x\":2,\"y\":1,\"z\":1,\"size\":1}],\"ortho\":{\"left\":-10,\"right\":10,\"top\":10,\"bottom\":-10,\"near\":8,\"far\":15}}',3,2,'3d.camera.ortho.js'),(14,'Camera-Position /LookAt','-Position / LookAt','3','6,6,6,18,15','{\"objs\":[{\"x\":0,\"y\":1,\"z\":0,\"size\":1},{\"x\":3,\"y\":3,\"z\":-3,\"size\":3},{\"x\":-2,\"y\":2,\"z\":2,\"size\":2}],\"cam\":{\"x\":0,\"y\":0,\"z\":-10},\"lookat\":{\"x\":0,\"y\":1,\"z\":0}}',3,3,'3d.camera.position.js'),(15,'Light - Directional',' - ','4','16,21,19','{\"dirLight\":{\"hex\":\"0x0000ff\"},\"lightPos\":{\"x\":100,\"y\":300,\"z\":-500},\"lightDir\":{\"x\":-1,\"y\":-1,\"z\":1}}',3,4,'3d.light.directional.js'),(16,'Light - Spot',' - ',' 5','17,21,19','{\"spotLight\":{\"hex\":\"0x00ff00\",\"intensity\":1,\"angle\":80,\"exp\":15},\"lightPos\":{\"x\":10,\"y\":10,\"z\":-10},\"lightDir\":{\"x\":-1,\"y\":-1,\"z\":1}}',3,5,'3d.light.spot.js');
/*!40000 ALTER TABLE `tutorialInfo` ENABLE KEYS */;
UNLOCK TABLES;

--
-- Table structure for table `tutorialResult`
--

DROP TABLE IF EXISTS `tutorialResult`;
/*!40101 SET @saved_cs_client     = @@character_set_client */;
/*!40101 SET character_set_client = utf8 */;
CREATE TABLE `tutorialResult` (
  `seq` int(11) NOT NULL AUTO_INCREMENT,
  `tutorialSeq` int(11) NOT NULL,
  `memberSeq` int(11) NOT NULL,
  `regdate` datetime NOT NULL,
  PRIMARY KEY (`seq`),
  UNIQUE KEY `sunique` (`tutorialSeq`,`memberSeq`),
  KEY `memberSeq` (`memberSeq`),
  KEY `tutorialSeq` (`tutorialSeq`),
  CONSTRAINT `tutorialResult_ibfk_1` FOREIGN KEY (`tutorialSeq`) REFERENCES `tutorialInfo` (`seq`),
  CONSTRAINT `tutorialResult_ibfk_2` FOREIGN KEY (`memberSeq`) REFERENCES `memberInfo` (`seq`)
) ENGINE=InnoDB AUTO_INCREMENT=191 DEFAULT CHARSET=utf8;
/*!40101 SET character_set_client = @saved_cs_client */;

--
-- Dumping data for table `tutorialResult`
--

LOCK TABLES `tutorialResult` WRITE;
/*!40000 ALTER TABLE `tutorialResult` DISABLE KEYS */;
INSERT INTO `tutorialResult` VALUES (1,1,11,'2015-02-08 06:55:18'),(2,11,4,'2015-02-09 08:27:13'),(3,1,4,'2015-02-12 13:26:22'),(4,16,4,'2015-02-12 13:32:26'),(6,2,4,'2015-02-12 13:28:22'),(8,3,4,'2015-02-11 06:16:53'),(9,8,4,'2015-02-10 05:49:35'),(16,1,16,'2015-02-10 07:24:59'),(19,16,16,'2015-02-10 07:27:36'),(27,3,16,'2015-02-10 07:28:03'),(44,15,4,'2015-02-12 13:31:45'),(49,14,4,'2015-02-12 13:30:23'),(55,6,11,'2015-02-10 08:35:18'),(56,1,19,'2015-02-10 09:03:56'),(67,3,18,'2015-02-10 13:30:33'),(70,1,20,'2015-02-10 15:11:10'),(71,16,20,'2015-02-10 15:21:13'),(72,1,21,'2015-02-11 06:16:12'),(74,1,22,'2015-02-11 06:17:53'),(76,2,21,'2015-02-11 06:18:13'),(77,1,23,'2015-02-11 06:18:29'),(78,3,21,'2015-02-11 06:20:05'),(82,2,22,'2015-02-11 06:19:59'),(84,1,24,'2015-02-11 06:22:35'),(85,3,22,'2015-02-11 06:20:49'),(88,4,22,'2015-02-11 06:23:24'),(90,2,24,'2015-02-11 06:24:40'),(92,3,24,'2015-02-11 06:26:03'),(93,4,24,'2015-02-11 06:29:22'),(96,5,22,'2015-02-11 06:29:15'),(98,12,22,'2015-02-11 06:30:56'),(99,5,24,'2015-02-11 06:32:10'),(101,16,22,'2015-02-11 06:32:51'),(102,1,26,'2015-02-11 06:33:18'),(103,2,26,'2015-02-11 06:34:46'),(104,15,21,'2015-02-11 06:34:09'),(105,1,25,'2015-02-11 06:34:33'),(107,6,26,'2015-02-11 06:35:42'),(108,7,26,'2015-02-11 06:35:50'),(109,2,25,'2015-02-11 06:37:07'),(110,10,26,'2015-02-11 06:38:20'),(111,3,25,'2015-02-11 06:37:48'),(114,4,25,'2015-02-11 06:40:25'),(115,5,25,'2015-02-11 06:44:14'),(124,1,32,'2015-02-11 14:30:25'),(136,12,4,'2015-02-12 13:19:44'),(151,4,4,'2015-02-12 13:29:09'),(158,6,4,'2015-02-12 13:32:12'),(160,13,4,'2015-02-12 13:40:45'),(162,1,34,'2015-02-13 00:52:02'),(164,13,34,'2015-02-13 00:52:55'),(165,16,34,'2015-02-13 00:53:56'),(166,1,33,'2015-02-13 01:40:31'),(167,1,35,'2015-02-13 02:28:12'),(169,1,36,'2015-02-13 02:31:03'),(170,7,35,'2015-02-13 02:29:21'),(171,12,39,'2015-02-13 02:30:59'),(175,1,41,'2015-02-13 02:31:00'),(177,16,35,'2015-02-13 02:32:08'),(178,12,36,'2015-02-13 02:32:15'),(179,7,42,'2015-02-13 02:32:39'),(180,2,41,'2015-02-13 02:38:21'),(181,1,38,'2015-02-13 02:40:33'),(182,6,46,'2015-02-13 02:46:28'),(184,3,44,'2015-02-13 02:49:28'),(185,1,40,'2015-02-13 02:48:28'),(186,11,43,'2015-02-13 02:49:03'),(189,3,43,'2015-02-13 02:51:45'),(190,1,48,'2015-02-13 11:24:26');
/*!40000 ALTER TABLE `tutorialResult` ENABLE KEYS */;
UNLOCK TABLES;
/*!40103 SET TIME_ZONE=@OLD_TIME_ZONE */;

/*!40101 SET SQL_MODE=@OLD_SQL_MODE */;
/*!40014 SET FOREIGN_KEY_CHECKS=@OLD_FOREIGN_KEY_CHECKS */;
/*!40014 SET UNIQUE_CHECKS=@OLD_UNIQUE_CHECKS */;
/*!40101 SET CHARACTER_SET_CLIENT=@OLD_CHARACTER_SET_CLIENT */;
/*!40101 SET CHARACTER_SET_RESULTS=@OLD_CHARACTER_SET_RESULTS */;
/*!40101 SET COLLATION_CONNECTION=@OLD_COLLATION_CONNECTION */;
/*!40111 SET SQL_NOTES=@OLD_SQL_NOTES */;

-- Dump completed on 2015-02-13  4:29:46
